,gt_load_actual,gt_load_forecast,gt_opt_net_load,gt_opr_net_load,gt_bss_en,gt_bss_p_ch,forecast_load_actual,forecast_load_forecast,forecast_opt_net_load,forecast_opr_net_load,forecast_bss_en,forecast_bss_p_ch
2017-12-23 18:00:00,1.0,1.0,0.5250000000716903,0.5000000000754634,7.546341329600637e-11,-0.4999999999245366,1.0,0.39145317673683167,0.3909829930475706,0.9995050698007778,0.49950506980077786,-0.0004949301992221583
2017-12-23 19:00:00,0.3408695652173912,0.3408695652173912,0.35888198757359935,0.3598300098028735,0.0189604446609457,0.018960444585482288,0.3408695652173912,0.5476152896881104,0.38545977506987206,0.1701795498297719,0.32881505441315856,-0.1706900153876193
2017-12-23 20:00:00,0.2417391304347824,0.2417391304347824,0.35888198757712597,0.36504740111093353,0.14226871533709684,0.12330827067615113,0.2417391304347824,0.35317882895469666,0.37799185707014427,0.2678581073984115,0.35493403137678764,0.026118976963629095
2017-12-23 21:00:00,0.25739130434782603,0.25739130434782603,0.3588819875752805,0.36422360248198865,0.24910101347125946,0.10683229813416262,0.25739130434782603,0.33717265725135803,0.3637431654185411,0.28536026031328193,0.38290298734224354,0.0279689559654559
2017-12-23 22:00:00,0.2799999999999998,0.2799999999999998,0.3588819875742272,0.36303367113076546,0.3321346846020251,0.08303367113076568,0.2799999999999998,0.38407301902770996,0.3784515597168354,0.27408267440960554,0.3769856617518493,-0.005917325590394251
2017-12-23 23:00:00,0.21913043478260863,0.21913043478260863,0.3588819875754996,0.366237332459336,0.47924158227875246,0.14710689767672736,0.21913043478260863,0.39309969544410706,0.356505200977661,0.18060991429161274,0.3384651412608534,-0.03852052049099588
2017-12-24 00:00:00,0.226086956521739,0.226086956521739,0.3588819875759857,0.36587119973673554,0.6190258254937491,0.13978424321499655,0.226086956521739,0.3108628988265991,0.36310488996555973,0.28107852614169754,0.39345671088081197,0.054991569619958526
2017-12-24 01:00:00,0.3860869565217391,0.3860869565217391,0.35888198760075696,0.3574501471312316,0.5903890161032416,-0.028636809390507483,0.3860869565217391,0.3711499273777008,0.3547308272673241,0.3688036932476583,0.3761734476067312,-0.01728326327408075
2017-12-24 02:00:00,0.40869565217391274,0.40869565217391274,0.3588819875678416,0.3562602157464695,0.5379535796757983,-0.05243543642744328,0.40869565217391274,0.3745463192462921,0.35582051512013047,0.38898427940953206,0.3564620748423505,-0.019711372764380702
2017-12-24 03:00:00,0.4243478260869562,0.4243478260869562,0.3588819875704363,0.3554364171221984,0.4690421707110405,-0.0689114089647578,0.4243478260869562,0.40672799944877625,0.3486113631761601,0.36317241948420237,0.29528666823959665,-0.06117540660275383
2017-12-24 04:00:00,0.4991304347826086,0.4991304347826086,0.35888198763278556,0.3515004904143738,0.32141222634280564,-0.14762994436823482,0.4991304347826086,0.43864721059799194,0.35543837690184643,0.41154218878666593,0.207698422243654,-0.08758824599594264
2017-12-24 05:00:00,0.4730434782608695,0.4730434782608695,0.3588819875520996,0.35287348804111174,0.20124223612304787,-0.12016999021975779,0.4730434782608695,0.49945133924484253,0.422102466694431,0.39162361241833105,0.12627855640111557,-0.08141986584253845
2017-12-24 06:00:00,0.4347826086956519,0.4347826086956519,0.35888198755241135,0.3548872180185566,0.12134684544595259,-0.07989539067709528,0.4347826086956519,0.42788171768188477,0.3762558256356743,0.38043956443648297,0.07193551214194663,-0.054343044259168936
2017-12-24 07:00:00,0.4417391304347823,0.4417391304347823,0.35888198756255385,0.3545210853061208,0.03412880031729107,-0.08721804512866152,0.4417391304347823,0.4933764934539795,0.4250377569514748,0.36980361832688263,3.404694581821133e-11,-0.07193551210789968
2017-12-24 08:00:00,0.391304347826087,0.391304347826087,0.35888198761562784,0.35717554760455106,9.575516074500356e-11,-0.03412880022153591,0.391304347826087,0.3200031816959381,0.3200031816669954,0.3913043477956209,3.5808918208461728e-12,-3.0466053997365154e-11
2017-12-24 09:00:00,0.012173913043478254,0.012173913043478254,0.2864532619515731,0.30088901715726235,0.2887151042095393,0.2887151041137841,0.012173913043478254,0.1177007332444191,0.31211248857954166,0.21681786602781783,0.20464395298792046,0.20464395298433957
2017-12-24 10:00:00,0.017391304347826087,0.017391304347826087,0.17518614923301087,0.18349114106907324,0.45481494093078645,0.16609983672124715,0.017391304347826087,0.05964452028274536,0.24896464930607146,0.21667565068816935,0.4039282993282637,0.19928434634034325
2017-12-24 11:00:00,0.038260869565217376,0.038260869565217376,0.0833898509350892,0.08576506048087193,0.5023191318464411,0.047504190915654554,0.038260869565217376,0.059174682945013046,0.1436597045017789,0.12719247120391827,0.4928599009669646,0.0889316016387009
2017-12-24 12:00:00,0.07304347826086952,0.07304347826086952,0.07775873854059256,0.0780069101342622,0.5072825637198337,0.004963431873392684,0.07304347826086952,0.09163354337215424,0.13672271898468738,0.12050576837932547,0.5403221910854206,0.04746229011845595
2017-12-24 13:00:00,0.03913043478260867,0.03913043478260867,0.061729775234625375,0.06291921420578415,0.5310713431430092,0.023788779423175484,0.03913043478260867,0.08120875060558319,0.07917043449180615,0.03698483887336968,0.5381765951761815,-0.002145595909238991
2017-12-24 14:00:00,0.005217391304347823,0.005217391304347823,0.057136516725394534,0.05986910227387067,0.585723054112532,0.05465171096952285,0.005217391304347823,0.04492592439055443,0.10716920273112251,0.07073663166284055,0.6036958355346743,0.06551924035849273
2017-12-24 15:00:00,0.0,0.0,0.08965175239057746,0.09437026567429208,0.6800933197868241,0.09437026567429208,0.0,0.051365479826927185,0.0896636373110822,0.040313849983321076,0.6440096855179954,0.040313849983321076
2017-12-24 16:00:00,0.0208695652173913,0.0208695652173913,0.1542386036232053,0.16125802669719552,0.8204817812666283,0.14038846147980422,0.0208695652173913,0.07807851582765579,0.1195159808899631,0.06448794949350425,0.6876280697941084,0.043618384276112955
2017-12-24 17:00:00,0.06956521739130433,0.06956521739130433,0.2401075251725232,0.24908343610837683,0.9999999999837008,0.1795182187170725,0.06956521739130433,0.0952128991484642,0.1294484364861643,0.10560262511519919,0.7236654775180033,0.03603740772389485
2017-12-24 18:00:00,0.4573913043478259,0.4573913043478259,0.3472981366491577,0.34150375940185934,0.8841124550377343,-0.11588754494596652,0.4573913043478259,0.10788606107234955,0.16917594889434318,0.5219069757393981,0.7881811489095755,0.06451567139157226
2017-12-24 19:00:00,0.4017391304347825,0.4017391304347825,0.3472981366674564,0.3444328212060182,0.8268061458089699,-0.05730630922876429,0.4017391304347825,0.4521298408508301,0.36547898985430616,0.3105277083331784,0.6969697268079713,-0.09121142210160411
2017-12-24 20:00:00,0.391304347826087,0.391304347826087,0.3472981366639724,0.344982020287019,0.780483818269902,-0.04632232753906797,0.391304347826087,0.4232112765312195,0.3739842242068847,0.3394863980109977,0.6451517769928821,-0.05181794981508927
2017-12-24 21:00:00,0.3721739130434781,0.3721739130434781,0.34729813666445775,0.34598888527608823,0.7542987905025121,-0.026185027767389832,0.3721739130434781,0.38461875915527344,0.37579993566204684,0.3628909409453448,0.6358688048947488,-0.009282972098133259
2017-12-24 22:00:00,0.38782608695652154,0.38782608695652154,0.34729813664693115,0.34516508663063694,0.7116377901766275,-0.042661000325884615,0.38782608695652154,0.422136515378952,0.3729497878527065,0.3360505842973157,0.584093302235543,-0.051775502659205816
2017-12-24 23:00:00,0.3686956521739131,0.3686956521739131,0.34729813664287235,0.3461719516149228,0.6891140896176373,-0.022523700558990268,0.3686956521739131,0.4634977877140045,0.37116927888672957,0.2715077481452026,0.48690539820683254,-0.0971879040287105
2017-12-25 00:00:00,0.3669565217391303,0.3669565217391303,0.34729813664331677,0.3462634847961687,0.6684210526746757,-0.020693036942961603,0.3669565217391303,0.45805782079696655,0.3468049222578929,0.24984820748747377,0.369797083955176,-0.1171083142516565
2017-12-25 01:00:00,0.45913043478260845,0.45913043478260845,0.3472981366442408,0.3414122262159057,0.5507028441079729,-0.11771820856670276,0.45913043478260845,0.3665703535079956,0.3697422424278905,0.4624692652246031,0.37313591439717064,0.0033388304419946302
2017-12-25 02:00:00,0.4573913043478259,0.4573913043478259,0.34729813666252185,0.34150375941592687,0.43481529917607387,-0.115887544931899,0.4573913043478259,0.36721211671829224,0.36895525250542516,0.4592261841237553,0.3749707941731001,0.0018348797759294192
2017-12-25 03:00:00,0.4156521739130433,0.4156521739130433,0.34729813665665477,0.3437005557484238,0.36286368101145433,-0.07195161816461954,0.4156521739130433,0.41694319248199463,0.37222790517590926,0.3685834504329535,0.32790207069301025,-0.04706872348008986
2017-12-25 04:00:00,0.443478260869565,0.443478260869565,0.3472981367451697,0.3422360249491489,0.26162144509103824,-0.1012422359204161,0.443478260869565,0.41389915347099304,0.34644480736998223,0.37247368602639574,0.256897495849841,-0.07100457484316927
2017-12-25 05:00:00,0.4208695652173911,0.4208695652173911,0.34729813662483133,0.3434259561725913,0.18417783604623844,-0.07744360904479979,0.4208695652173911,0.45667484402656555,0.38169024084360637,0.3419384039721709,0.17796633460462077,-0.07893116124522023
2017-12-25 06:00:00,0.4278260869565217,0.4278260869565217,0.3481419651397733,0.3439480639915234,0.10029981308124016,-0.08387802296499829,0.4278260869565217,0.3978360593318939,0.3472843139472408,0.37461372339372895,0.12475397104182803,-0.05321236356279275
2017-12-25 07:00:00,0.4417391304347823,0.4417391304347823,0.3542859379815108,0.349683138378707,0.008243821025164882,-0.09205599205607527,0.4417391304347823,0.42487016320228577,0.3297155915877277,0.34157642347208955,0.024591264079135297,-0.10016270696269274
2017-12-25 08:00:00,0.32869565217391294,0.32869565217391294,0.34274864278240075,0.343488273867058,0.023036442718309954,0.014792621693145071,0.32869565217391294,0.3676117956638336,0.34755358968486894,0.3075817511434238,0.0034773630486461676,-0.02111390103048913
2017-12-25 09:00:00,0.038260869565217376,0.038260869565217376,0.313530323393135,0.328018189384078,0.3127937625371706,0.28975731981886066,0.038260869565217376,0.09061494469642639,0.3245804081751002,0.2845403048059266,0.24975679828935543,0.24627943524070928
2017-12-25 10:00:00,0.04695652173913044,0.04695652173913044,0.17803121955273787,0.18492988785871722,0.4507671286567574,0.1379733661195868,0.04695652173913044,0.030688855797052383,0.20014094048902956,0.2253271372043696,0.42812741375459457,0.17837061546523914
2017-12-25 11:00:00,0.027826086956521737,0.027826086956521737,0.06988171547336286,0.0720951696058282,0.49503621130606384,0.04426908264930646,0.027826086956521737,0.026287034153938293,0.12888496096780805,0.135823904655332,0.5361252314534048,0.10799781769881026
2017-12-25 12:00:00,0.019130434782608688,0.019130434782608688,0.03885039486636517,0.03988828750235235,0.5157940640258075,0.020757852719743664,0.019130434782608688,0.08343231678009033,0.09124763348361052,0.02735708394420889,0.5443518806150051,0.008226649161600201
2017-12-25 13:00:00,0.027826086956521737,0.027826086956521737,0.0485203455358428,0.04960951704001759,0.5375774941093033,0.02178343008349586,0.027826086956521737,0.05262213572859764,0.09445453755919198,0.07186019414662104,0.5883859878051043,0.04403410719009929
2017-12-25 14:00:00,0.03652173913043478,0.03652173913043478,0.07542636018580717,0.07747397182030046,0.578529726799169,0.04095223268986568,0.03652173913043478,0.040614400058984756,0.06548517250207334,0.06270149959684382,0.6145657482715133,0.02617976046640904
2017-12-25 15:00:00,0.060869565217391286,0.060869565217391286,0.12456090081651898,0.12791307637436783,0.6455732379561455,0.06704351115697653,0.060869565217391286,0.08302837610244751,0.10070589375309207,0.07947747853385924,0.6331736615879813,0.018607913316467953
2017-12-25 16:00:00,0.04695652173913044,0.04695652173913044,0.17787283263394943,0.18476316478630833,0.7833798810033235,0.13780664304717788,0.04695652173913044,0.04215364530682564,0.18120560725805845,0.19332700800358604,0.7795441478524369,0.1463704862644556
2017-12-25 17:00:00,0.04695652173913044,0.04695652173913044,0.2527456347694852,0.26357664071845127,0.9999999999826443,0.21662011897932082,0.04695652173913044,0.08955414593219757,0.29898720545333846,0.2674123738666472,0.9999999999799536,0.22045585212751673
2017-12-25 18:00:00,0.43130434782608673,0.43130434782608673,0.371397515530949,0.36824452435752075,0.9369401765140783,-0.063059823468566,0.43130434782608673,0.3345721960067749,0.3345721955506039,0.4313043473459067,0.9999999994997736,-4.801799792534759e-10
2017-12-25 19:00:00,0.40869565217391274,0.40869565217391274,0.3713975155320922,0.3694344557088385,0.8976789800490041,-0.03926119646507423,0.40869565217391274,0.4885725677013397,0.3548666294650894,0.2679525592936492,0.85925690661951,-0.14074309288026354
2017-12-25 20:00:00,0.43652173913043474,0.43652173913043474,0.37139751553084516,0.3679699248150773,0.8291271657336466,-0.06855181431535748,0.43652173913043474,0.43665552139282227,0.33490098996843837,0.3294117060521359,0.7521468735412111,-0.10711003307829886
2017-12-25 21:00:00,0.4347826086956519,0.4347826086956519,0.3713975155651956,0.3680614580320137,0.7624060150700085,-0.06672115066363819,0.4347826086956519,0.4417998194694519,0.3397336228202329,0.32734450695963185,0.644708771805191,-0.10743810173602004
2017-12-25 22:00:00,0.5043478260869565,0.5043478260869565,0.3713975155768796,0.36440013081319134,0.6224583197962433,-0.13994769527376516,0.5043478260869565,0.3776150345802307,0.3745532013863844,0.5011248437776447,0.6414857894958792,-0.003222982309311882
2017-12-25 23:00:00,0.4504347826086954,0.4504347826086954,0.3713975155236068,0.3672376593612337,0.5392611965487817,-0.0831971232474617,0.4504347826086954,0.4894748330116272,0.363418295194493,0.31774369016960674,0.5087946970567905,-0.13269109243908866
2017-12-26 00:00:00,0.4382608695652173,0.4382608695652173,0.3713975155229828,0.36787839162602304,0.4688787186095874,-0.07038247793919426,0.4382608695652173,0.4649921953678131,0.34557276888864247,0.31255621011345874,0.3830900376050319,-0.12570465945175857
2017-12-26 01:00:00,0.36521739130434777,0.36521739130434777,0.37139751552303757,0.3717227852187581,0.47538411252399776,0.006505393914410339,0.36521739130434777,0.4270901381969452,0.36030838243657426,0.294920806293431,0.3127934525941152,-0.07029658501091676
2017-12-26 02:00:00,0.3965217391304348,0.3965217391304348,0.37139751552618167,0.37007518796806305,0.448937561361626,-0.026446551162371754,0.3965217391304348,0.36771446466445923,0.3630454357123536,0.3916069718124289,0.30787868527610923,-0.004914767318005929
2017-12-26 03:00:00,0.42260869565217396,0.42260869565217396,0.37139751554032635,0.36870219027128176,0.3950310559807338,-0.05390650538089222,0.42260869565217396,0.40858495235443115,0.34589227195285177,0.35661640049261667,0.24188639011655194,-0.06599229515955728
2017-12-26 04:00:00,0.443478260869565,0.443478260869565,0.3713975155126858,0.36760379207285004,0.31915658718401885,-0.07587446879671496,0.443478260869565,0.403746098279953,0.3563931926846669,0.3936330970850533,0.19204122633204027,-0.04984516378451168
2017-12-26 05:00:00,0.4800000000000003,0.4800000000000003,0.3713975155175724,0.3656815952816551,0.20483818246567365,-0.11431840471834522,0.4800000000000003,0.39125317335128784,0.37178266379768415,0.45950472678568066,0.17154595311772058,-0.02049527321431968
2017-12-26 06:00:00,0.4956521739130432,0.4956521739130432,0.37139751554762906,0.3648577966862915,0.07404380523892187,-0.13079437722675177,0.4956521739130432,0.49237313866615295,0.3920497348105412,0.39004859090713606,0.06594237011181342,-0.10560358300590716
2017-12-26 07:00:00,0.4417391304347823,0.4417391304347823,0.3713975154725531,0.36769532521138315,1.5522735874462512e-11,-0.07404380522339914,0.4417391304347823,0.5345850586891174,0.4719398071128773,0.3757967603545296,3.156067074350233e-11,-0.06594237008025275
2017-12-26 08:00:00,0.2817391304347825,0.2817391304347825,0.33009252194076205,0.33263743728318207,0.05089830686392229,0.050898306848399556,0.2817391304347825,0.36282384395599365,0.3628238439294084,0.28173913040679804,3.5762166235647527e-12,-2.7984454119937575e-11
2017-12-26 09:00:00,0.0208695652173913,0.0208695652173913,0.2889013113680977,0.30300824537602966,0.3330369870225606,0.28213868015863836,0.0208695652173913,0.10979437083005905,0.30564439247181974,0.22702748273503412,0.20615791752121904,0.2061579175176428
2017-12-26 10:00:00,0.024347826086956514,0.024347826086956514,0.14840266650966016,0.15493186863717087,0.46362102957277496,0.13058404255021436,0.024347826086956514,0.09267598390579224,0.2614125648678266,0.20196527973120326,0.3837753711654658,0.17761745364424675
2017-12-26 11:00:00,0.0,0.0,0.0484811387335759,0.051032777614290425,0.5146538071870654,0.051032777614290425,0.0,0.043029747903347015,0.16739126621954417,0.1309068613854707,0.5146822325509365,0.1309068613854707
2017-12-26 12:00:00,0.06956521739130433,0.06956521739130433,0.0699771884394627,0.06999887112620788,0.515087460921969,0.00043365373490354025,0.06956521739130433,0.037700530141592026,0.09420999111924555,0.1290488605256765,0.5741658756853086,0.05948364313437214
2017-12-26 13:00:00,0.043478260869565195,0.043478260869565195,0.06760018176991875,0.06886975655414787,0.5404789566065517,0.025391495684582682,0.043478260869565195,0.035557400435209274,0.04200661764993979,0.05026691056928153,0.580954525385025,0.006788649699716337
2017-12-26 14:00:00,0.024347826086956514,0.024347826086956514,0.07836995669876462,0.08121322673096505,0.5973443572505602,0.05686540064400854,0.024347826086956514,0.04424557462334633,0.06504376434250757,0.04624065737028414,0.6028473566683527,0.021892831283327623
2017-12-26 15:00:00,0.03304347826086955,0.03304347826086955,0.12293336990541089,0.12766441683407098,0.6919652958237617,0.09462093857320142,0.03304347826086955,0.03551231697201729,0.11690575886131431,0.11872078551276116,0.6885246639202443,0.08567730725189161
2017-12-26 16:00:00,0.04173913043478261,0.04173913043478261,0.18620164914562806,0.19380493960409362,0.8440311049930727,0.152065809169311,0.04173913043478261,0.030921010300517082,0.15634742834438978,0.17376693890201703,0.8205524723874786,0.13202780846723441
2017-12-26 17:00:00,0.12869565217391296,0.12869565217391296,0.27686610240453746,0.28466454715351774,0.9999999999726774,0.15596889497960476,0.12869565217391296,0.02772616408765316,0.19820131518878742,0.3081431796487911,0.9999999998623568,0.1794475274748782
2017-12-26 18:00:00,0.4208695652173911,0.4208695652173911,0.3625776397550239,0.35950964367805716,0.9386400784333435,-0.06135992153933392,0.4208695652173911,0.40908369421958923,0.3403792135023703,0.34854905919926593,0.9276794938442315,-0.07232050601812519
2017-12-26 19:00:00,0.43130434782608673,0.43130434782608673,0.3625776397568776,0.35896044459534027,0.866296175202597,-0.07234390323074646,0.43130434782608673,0.4132319986820221,0.3569432080478418,0.37205298926379166,0.8684281352819365,-0.05925135856229507
2017-12-26 20:00:00,0.44521739130434784,0.44521739130434784,0.3625776397585596,0.3582281791508865,0.7793069630491357,-0.08698921215346132,0.44521739130434784,0.4216109812259674,0.34305664854783835,0.36252862006421194,0.7857393640418007,-0.08268877124013588
2017-12-26 21:00:00,0.3860869565217391,0.3860869565217391,0.3625776398681211,0.3613403074126675,0.7545603139400642,-0.02474664910907158,0.3860869565217391,0.4164385199546814,0.35040798740873114,0.31658113278915984,0.7162335403092214,-0.06950582373257926
2017-12-26 22:00:00,0.38782608695652154,0.38782608695652154,0.36257763974236085,0.3612487740995103,0.7279830010830529,-0.02657731285701124,0.38782608695652154,0.42611029744148254,0.34227887299299026,0.2995824822738981,0.6279899356265979,-0.08824360468262345
2017-12-26 23:00:00,0.380869565217391,0.380869565217391,0.3625776397426574,0.36161490682293457,0.7087283426885965,-0.019254658394456444,0.380869565217391,0.38774070143699646,0.33715447392558817,0.3276209046790665,0.5747412750882733,-0.05324866053832451
2017-12-27 00:00:00,0.3930434782608696,0.3930434782608696,0.36257763974229096,0.3609741745571026,0.6766590389848295,-0.03206930370376698,0.3930434782608696,0.3748055398464203,0.333336941235895,0.34939232182873775,0.5310901186561415,-0.04365115643213185
2017-12-27 01:00:00,0.4191304347826087,0.4191304347826087,0.3625776397425089,0.3596011768456615,0.6171297810478823,-0.05952925793694716,0.4191304347826087,0.3956482708454132,0.33987637542669474,0.3604231764471156,0.4723828603206484,-0.05870725833549313
2017-12-27 02:00:00,0.47130434782608666,0.47130434782608666,0.3625776397424353,0.35685518142224315,0.5026806146440388,-0.11444916640384353,0.47130434782608666,0.4037938117980957,0.3337310412711244,0.3975540630608537,0.3986325755554155,-0.07375028476523292
2017-12-27 03:00:00,0.4886956521739134,0.4886956521739134,0.3625776397446485,0.3559398496167924,0.3699248120869178,-0.132755802557121,0.4886956521739134,0.41352465748786926,0.3618568174694017,0.4343084521544739,0.3442453755359759,-0.05438720001943956
2017-12-27 04:00:00,0.4556521739130434,0.4556521739130434,0.3625776398063882,0.35767898011656424,0.2719516182904386,-0.09797319379647917,0.4556521739130434,0.5243895053863525,0.39398713304338695,0.3183865188151849,0.2069797204381174,-0.13726565509785849
2017-12-27 05:00:00,0.4382608695652173,0.4382608695652173,0.3625776397692316,0.35859431188523233,0.19228506061045364,-0.079666557679985,0.4382608695652173,0.4630608558654785,0.3931048949752095,0.36462301599651314,0.1333418668694132,-0.0736378535687042
2017-12-27 06:00:00,0.4417391304347823,0.4417391304347823,0.36257763969046436,0.3584112454407634,0.10895717561643474,-0.0833278849940189,0.4417391304347823,0.43712636828422546,0.376188843419111,0.3775943674188723,0.06919710385350325,-0.06414476301590996
2017-12-27 07:00:00,0.466086956521739,0.466086956521739,0.3625776396925278,0.357129780912043,6.738762325930736e-12,-0.10895717560969598,0.466086956521739,0.41800135374069214,0.3581458358146798,0.4030811481785681,0.006191295510332345,-0.0630058083431709
2017-12-27 08:00:00,0.2869565217391302,0.2869565217391302,0.32960899918816194,0.3318538664223215,0.04489734468993003,0.044897344683191266,0.2869565217391302,0.30461016297340393,0.343970466445819,0.3283884201311461,0.04762319390234822,0.04143189839201587
2017-12-27 09:00:00,0.05565217391304343,0.05565217391304343,0.3063560914515901,0.31955103447993466,0.3087962052568212,0.2638988605668912,0.05565217391304343,0.18225818872451782,0.33928579801739556,0.22094439422133577,0.21291541421064053,0.16529222030829233
2017-12-27 10:00:00,0.07999999999999996,0.07999999999999996,0.20275733829073017,0.20921825083234757,0.43801445608916884,0.12921825083234761,0.07999999999999996,0.08123678714036942,0.24891206072561703,0.2565002879844711,0.3894157021951117,0.17650028798447118
2017-12-27 11:00:00,0.01565217391304348,0.01565217391304348,0.07598921854062095,0.07916485246838818,0.5015271346445136,0.0635126785553447,0.01565217391304348,0.046351585537195206,0.12903025449655448,0.10268235176500062,0.47644588004706884,0.08703017785195714
2017-12-27 12:00:00,0.031304347826086945,0.031304347826086945,0.053442382689384726,0.05460754241903198,0.5248303292374586,0.023303194592945033,0.031304347826086945,0.07050126045942307,0.09413125739959904,0.056178028815745865,0.5013195610367278,0.024873680989658923
2017-12-27 13:00:00,0.030434782608695636,0.030434782608695636,0.06081392075211037,0.06241282275965851,0.5568083693884215,0.03197804015096287,0.030434782608695636,0.05016564577817917,0.10652928605498649,0.08976493026849282,0.560649708696525,0.05933014765979718
2017-12-27 14:00:00,0.029565217391304334,0.029565217391304334,0.0864711786075387,0.08946622919786683,0.616709381194984,0.059901011806562494,0.029565217391304334,0.06582948565483093,0.10064938429496939,0.0662177422756606,0.5973022335808813,0.036652524884356275
2017-12-27 15:00:00,0.010434782608695651,0.010434782608695651,0.12825668267114326,0.13445783530600894,0.7407324338922973,0.1240230526973133,0.010434782608695651,0.047272879630327225,0.1352570423026899,0.10304969068486688,0.6899171416570525,0.09261490807617123
2017-12-27 16:00:00,0.11130434782608688,0.11130434782608688,0.22339672184917697,0.22929632048197118,0.8587244065481816,0.11799197265588432,0.11130434782608688,0.04637424647808075,0.20716177896534393,0.28055438202320604,0.8591671758541717,0.16925003419711915
2017-12-27 17:00:00,0.16,0.16,0.29421181374610894,0.30127559341695676,0.9999999999651383,0.14127559341695675,0.16,0.09807007759809494,0.23186126049086347,0.3008328240976511,0.9999999999518228,0.1408328240976511
2017-12-27 18:00:00,0.4782608695652171,0.4782608695652171,0.3594720496936063,0.3532200065424689,0.8749591369423901,-0.1250408630227482,0.4782608695652171,0.46132344007492065,0.3669129984770402,0.37888145735692186,0.9006205877435275,-0.09937941220829523
2017-12-27 19:00:00,0.4695652173913043,0.4695652173913043,0.35947204969630314,0.3536776724491978,0.7590715920002836,-0.11588754494210649,0.4695652173913043,0.481479674577713,0.3701551329789394,0.3523814893925953,0.7834368597448185,-0.11718372799870905
2017-12-27 20:00:00,0.4573913043478259,0.4573913043478259,0.3594720496940969,0.3543184047123217,0.6559986923647795,-0.10307289963550419,0.4573913043478259,0.45340442657470703,0.35812877890901856,0.35710114891025907,0.6831467043072517,-0.1002901554375668
2017-12-27 21:00:00,0.4486956521739127,0.4486956521739127,0.35947204969394225,0.35477607061604904,0.5620791108069159,-0.09391958155786366,0.4486956521739127,0.48056602478027344,0.3743595815442522,0.3368993961359956,0.5713504482693346,-0.11179625603791712
2017-12-27 22:00:00,0.443478260869565,0.443478260869565,0.35947204969362045,0.3550506701580444,0.4736515200953953,-0.08842759071152055,0.443478260869565,0.46510031819343567,0.36471150584726997,0.33780582682096955,0.4656780142207391,-0.10567243404859546
2017-12-27 23:00:00,0.4382608695652173,0.4382608695652173,0.3594720496943829,0.35532526970118106,0.39071592023135904,-0.08293559986403623,0.4382608695652173,0.43896713852882385,0.36659334039635394,0.3620779241626174,0.3894950688181392,-0.0761829454025999
2017-12-28 00:00:00,0.4782608695652171,0.4782608695652171,0.3594720496966939,0.35322000654571895,0.2656750572118609,-0.1250408630194981,0.4782608695652171,0.447540283203125,0.3799712453448034,0.40713556655645755,0.3183697658093797,-0.07112530300875955
2017-12-28 01:00:00,0.3478260869565216,0.3478260869565216,0.3594720496981915,0.3600849951056478,0.2779339653609871,0.012258908149126193,0.3478260869565216,0.47209638357162476,0.39337573819062743,0.2649622497133665,0.2355059285662246,-0.08286383724315512
2017-12-28 02:00:00,0.3582608695652172,0.3582608695652172,0.35947204970083363,0.35953579602376085,0.27920889181953074,0.0012749264585436328,0.3582608695652172,0.35384413599967957,0.3458836611040942,0.34988142230670627,0.22712648130771368,-0.008379447258510926
2017-12-28 03:00:00,0.37913043478260866,0.37913043478260866,0.3594720497080095,0.358437397861978,0.25851585489890005,-0.020693036920630705,0.37913043478260866,0.39122775197029114,0.38767975535170596,0.37539570149988744,0.22339174802499245,-0.003734733282721224
2017-12-28 04:00:00,0.4017391304347825,0.4017391304347825,0.35947204971262237,0.3572474665167192,0.21402419098083678,-0.044491663918063286,0.4017391304347825,0.41933774948120117,0.35440594665466923,0.33338986430159095,0.15504248189180092,-0.06834926613319153
2017-12-28 05:00:00,0.3843478260869564,0.3843478260869564,0.359472049733347,0.3581627983463149,0.18783916324019534,-0.02618502774064144,0.3843478260869564,0.3839428126811981,0.34676096737792084,0.3452090415571908,0.11590369736203532,-0.039138784529765595
2017-12-28 06:00:00,0.45217391304347826,0.45217391304347826,0.35947204963661084,0.35459300419414413,0.09025825439086121,-0.09758090884933412,0.45217391304347826,0.4024270474910736,0.3606930240158192,0.4082433620168947,0.07197314633545174,-0.04393055102658358
2017-12-28 07:00:00,0.44521739130434784,0.44521739130434784,0.3594720496403595,0.35495913692120223,7.715619809722796e-12,-0.0902582543831456,0.44521739130434784,0.44033560156822205,0.3744750977541468,0.37589054518426857,0.002646300215372488,-0.06932684612007925
2017-12-28 08:00:00,0.28521739130434764,0.28521739130434764,0.3138303781907854,0.31533632486901897,0.030118933572386934,0.030118933564671314,0.28521739130434764,0.30593761801719666,0.3555147617870699,0.33740385843053,0.05483276734155487,0.052186467126182384
2017-12-28 09:00:00,0.003478260869565216,0.003478260869565216,0.27439340082364577,0.28865209240017636,0.3152927651029981,0.28517383153061115,0.003478260869565216,0.14203684031963348,0.3415249186871294,0.21346571178271884,0.2648202182547085,0.20998745091315363
2017-12-28 10:00:00,0.026086956521739122,0.026086956521739122,0.15343263383001218,0.16013503789886865,0.4493408464801276,0.13404808137712954,0.026086956521739122,0.05494750291109085,0.22749927535257597,0.20772040119698662,0.446453662929956,0.1816334446752475
2017-12-28 11:00:00,0.017391304347826087,0.017391304347826087,0.06842919252146389,0.07111539716218167,0.5030649392944831,0.05372409281435558,0.017391304347826087,0.03803439438343048,0.11470660092663854,0.09809889018278194,0.5271612487649118,0.08070758583495585
2017-12-28 12:00:00,0.026086956521739122,0.026086956521739122,0.05292706007545567,0.05433969710459864,0.5313176798773427,0.02825274058285952,0.026086956521739122,0.07938528805971146,0.10059852046060022,0.04841667483846414,0.5494909670816368,0.022329718316725016
2017-12-28 13:00:00,0.04521739130434781,0.04521739130434781,0.07214964798083154,0.0735671351743307,0.5596674237473256,0.028349743869982874,0.04521739130434781,0.04546352103352547,0.10063551360291995,0.103293172956342,0.607566748733631,0.05807578165199419
2017-12-28 14:00:00,0.07130434782608691,0.07130434782608691,0.10867578752949815,0.11064270540862506,0.5990057813298637,0.03933835758253815,0.07130434782608691,0.048527270555496216,0.040790253249920805,0.06316011908337595,0.5994225199909201,-0.00814422874271096
2017-12-28 15:00:00,0.035652173913043476,0.035652173913043476,0.14058259945189,0.14610525342761876,0.709458860844439,0.11045307951457528,0.035652173913043476,0.04284440726041794,0.13943271815280503,0.13732408011555622,0.7010944261934329,0.10167190620251274
2017-12-28 16:00:00,0.0,0.0,0.18693235439611758,0.1967708993643343,0.9062297602087733,0.1967708993643343,0.0,0.06178418919444084,0.18369619885014232,0.1283284312165279,0.8294228574099608,0.1283284312165279
2017-12-28 17:00:00,0.19739130434782606,0.19739130434782606,0.2864730317896764,0.2911615437603001,0.9999999996212474,0.09377023941247405,0.19739130434782606,0.04184098541736603,0.20257252221913188,0.3665823957181059,0.9986139487802407,0.16919109137027985
2017-12-28 18:00:00,0.3947826086956522,0.3947826086956522,0.3399689441273281,0.3370840144132058,0.942301405338801,-0.0576985942824464,0.3947826086956522,0.4429563581943512,0.35248687512951327,0.2995515738905596,0.9033829139751481,-0.09523103480509258
2017-12-28 19:00:00,0.37043478260869545,0.37043478260869545,0.33996894417482815,0.33836547899409825,0.9102321017242039,-0.032069303614597186,0.37043478260869545,0.40601983666419983,0.3719061729605778,0.33452566292067226,0.8674737942871249,-0.03590911968802318
2017-12-28 20:00:00,0.3999999999999997,0.3999999999999997,0.33996894412183465,0.33680941486508914,0.8470415165892933,-0.06319058513491055,0.3999999999999997,0.4132396876811981,0.35908927291780945,0.34299956340695903,0.8104733576940842,-0.05700043659304068
2017-12-28 21:00:00,0.4139130434782609,0.4139130434782609,0.33996894412192596,0.33607714941896094,0.7692056225299934,-0.07783589405929994,0.4139130434782609,0.4327889382839203,0.35432106390732293,0.3313152809765795,0.7278755951924027,-0.08259776250168144
2017-12-28 22:00:00,0.380869565217391,0.380869565217391,0.33996894412168155,0.3378162798534863,0.7261523371660886,-0.04305328536390473,0.380869565217391,0.4327344596385956,0.3414377851677663,0.2847678026165181,0.6317738325915299,-0.09610176260087293
2017-12-28 23:00:00,0.337391304347826,0.337391304347826,0.339968944121578,0.34010460937282816,0.7288656421910907,0.002713305025002153,0.337391304347826,0.41060420870780945,0.34595447948745706,0.2693389578000866,0.5637214860437905,-0.0680523465477394
2017-12-29 00:00:00,0.36347826086956503,0.36347826086956503,0.3399689441832136,0.3387316117260372,0.7041189930475629,-0.024746649143527824,0.36347826086956503,0.3841395974159241,0.31635683940630177,0.2921279892804889,0.4923712144547143,-0.07135027158907614
2017-12-29 01:00:00,0.3930434782608696,0.3930434782608696,0.33996894415513174,0.3371755476232508,0.648251062409944,-0.05586793063761882,0.3930434782608696,0.4080013036727905,0.34186720591738434,0.3234286385183368,0.4227563747121815,-0.06961483974253282
2017-12-29 02:00:00,0.4017391304347825,0.4017391304347825,0.33996894414248435,0.3367178817060476,0.5832298136812091,-0.06502124872873488,0.4017391304347825,0.40630701184272766,0.344766445334049,0.3369595867414365,0.35797683101883554,-0.064779543693346
2017-12-29 03:00:00,0.46086956521739114,0.46086956521739114,0.33996894417032414,0.33360575358889955,0.4559660020527175,-0.1272638116284916,0.46086956521739114,0.4070959985256195,0.34689343044637255,0.397498440923447,0.2946057067248914,-0.06337112429394416
2017-12-29 04:00:00,0.5026086956521738,0.5026086956521738,0.3399689440795002,0.3314089571546226,0.28476626355516627,-0.1711997384975512,0.5026086956521738,0.42115944623947144,0.37056578104258586,0.44935220597124165,0.24134921704395923,-0.05325648968093216
2017-12-29 05:00:00,0.4208695652173911,0.4208695652173911,0.3399689440837175,0.3357110166556294,0.19960771499340454,-0.08515854856176172,0.4208695652173911,0.4716198146343231,0.4023429742477942,0.3479465753368343,0.16842622716340244,-0.07292298988055679
2017-12-29 06:00:00,0.4347826086956519,0.4347826086956519,0.3400099823012458,0.3350219493331192,0.09984705563087184,-0.0997606593625327,0.4347826086956519,0.4479578733444214,0.3649395247818833,0.3473948733666644,0.08103849183441494,-0.0873877353289875
2017-12-29 07:00:00,0.4347826086956519,0.4347826086956519,0.34301676374223566,0.338186982428898,0.003251429364117958,-0.09659562626675389,0.4347826086956519,0.4460551142692566,0.36914599394163006,0.35382563992972926,8.152306849229518e-05,-0.08095696876592265
2017-12-29 08:00:00,0.29391304347826086,0.29391304347826086,0.32730417325430045,0.32906160113724986,0.03839998702310698,0.03514855765898902,0.29391304347826086,0.24607804417610168,0.3394511187437215,0.3922004903915449,0.09836896998177633,0.09828744691328403
2017-12-29 09:00:00,0.00695652173913043,0.00695652173913043,0.27677386055126557,0.2909747731203253,0.3224182384043019,0.2840182513811949,0.00695652173913043,0.12640945613384247,0.32627667159185286,0.2173430643265098,0.3087555125691557,0.21038654258737938
2017-12-29 10:00:00,0.04521739130434781,0.04521739130434781,0.196395213184729,0.20435194065211748,0.48155278775207155,0.15913454934776966,0.04521739130434781,0.059402238577604294,0.20974893497095654,0.20347707171840282,0.4670151929832107,0.158259680414055
2017-12-29 11:00:00,0.04695652173913044,0.04695652173913044,0.1659323898491461,0.1721942776444101,0.6067905436573512,0.12523775590527964,0.04695652173913044,0.06032164394855499,0.09916452192763528,0.08784376171710968,0.50790243296119,0.040887239977979245
2017-12-29 12:00:00,0.017391304347826087,0.017391304347826087,0.18406020914356666,0.1928322567643951,0.7822314960739202,0.175440952416569,0.017391304347826087,0.06221362203359604,0.07435908886814181,0.030176006278926897,0.5206871348922908,0.01278470193110081
2017-12-29 13:00:00,0.16173913043478255,0.16173913043478255,0.2565291787149331,0.2615181286244147,0.8820104942635524,0.09977899818963216,0.16173913043478255,0.04696185141801834,0.07706841016915542,0.1934302449096637,0.552378249367172,0.03169111447488114
2017-12-29 14:00:00,0.30608695652173895,0.30608695652173895,0.3116281575349605,0.3119197996935511,0.8878433374353645,0.005832843171812129,0.30608695652173895,0.15083637833595276,0.2957302827353264,0.4586068558895007,0.7048981487349337,0.15251989936776175
2017-12-29 15:00:00,0.6208695652173912,0.6208695652173912,0.3457170528387075,0.33123534166088203,0.5982091138788552,-0.2896342235565092,0.6208695652173912,0.26918718218803406,0.36116057784619693,0.7176836659101943,0.8017122494277368,0.09681410069280301
2017-12-29 16:00:00,0.2765217391304346,0.2765217391304346,0.34314853644087917,0.34665520998353416,0.6683425847319548,0.07013347085309958,0.2765217391304346,0.612178385257721,0.4463116929061417,0.10192522086561429,0.6271157311629165,-0.1745965182648203
2017-12-29 17:00:00,0.0226086956521739,0.0226086956521739,0.33768323895101615,0.35426610965095523,0.9999999987307362,0.33165741399878135,0.0226086956521739,0.30664190649986267,0.406777674884705,0.12801476763621847,0.7325218031469611,0.10540607198404456
2017-12-29 18:00:00,0.4382608695652173,0.4382608695652173,0.35660869573392245,0.3523112129006964,0.9140503420662153,-0.08594965666452092,0.4382608695652173,0.3600761294364929,0.37279736068010283,0.45165163929533303,0.7459125728770768,0.013390769730115687
2017-12-29 19:00:00,0.43652173913043474,0.43652173913043474,0.3566086957362694,0.35240274608394495,0.8299313490197254,-0.08411899304648982,0.43652173913043474,0.36859214305877686,0.3594641322176747,0.4269133066661167,0.7363041404127588,-0.009608432464318027
2017-12-29 20:00:00,0.4121739130434783,0.4121739130434783,0.35660869573423976,0.35368421061270083,0.771441646588948,-0.05848970243077742,0.4121739130434783,0.4091656804084778,0.36643269208037493,0.3671918200665279,0.6913220474358085,-0.04498209297695037
2017-12-29 21:00:00,0.4121739130434783,0.4121739130434783,0.3566086957373467,0.35368421061597133,0.712951944161441,-0.05848970242750694,0.4121739130434783,0.40358415246009827,0.3434342642110886,0.34885824120241543,0.6280063755947456,-0.06331567184106286
2017-12-29 22:00:00,0.4295652173913044,0.4295652173913044,0.35660869573571374,0.3527688788064721,0.6361556055766088,-0.07679633858483224,0.4295652173913044,0.421660453081131,0.3323745003005331,0.33558000393804344,0.5340211621414847,-0.09398521345326093
2017-12-29 23:00:00,0.3843478260869564,0.3843478260869564,0.3566086957385464,0.3551487415096828,0.6069565209993352,-0.029199084577273632,0.3843478260869564,0.39604100584983826,0.3614273173224732,0.34791236447920365,0.4975857005337319,-0.036435461607752725
2017-12-30 00:00:00,0.4347826086956519,0.4347826086956519,0.35660869574613563,0.35249427927510846,0.5246681915787917,-0.08228832942054345,0.4347826086956519,0.3989812731742859,0.3497131792547452,0.38292145720139853,0.44572454903947856,-0.051861151494253376
