Datetime,XGBModel_4 Hours Ahead (kW),XGBModel_8 Hours Ahead (kW),NBEATSModel_4 Hours Ahead (kW),NBEATSModel_8 Hours Ahead (kW),Actual load (kW),Actual load (kW)_4,Actual load (kW)_8,energy_prices_dol_kwh
8/2/2019 1:00,1.713328123,1.713328123,1.644936719,1.644936719,1.511556942,1.511556942,1.511556942,0.07876508
8/2/2019 2:00,0.917267978,0.917267978,0.981988669,0.981988669,0.89434553,0.89434553,0.89434553,0.07452089
8/2/2019 3:00,0.360444874,0.360444874,0.475666863,0.475666863,0.369799972,0.369799972,0.369799972,0.07369973
8/2/2019 4:00,0.196708843,0.196708843,0.166706192,0.166706192,1.00E-06,1.00E-06,1.00E-06,0.07494958
8/2/2019 5:00,0.206859618,0.096443392,0.040482328,0.048497848,0.170452446,0.170452446,0.170452446,0.07941389
8/2/2019 6:00,0.220042825,0.073005617,0.100120058,0.092244015,0.193265583,0.193265583,0.193265583,0.09540189
8/2/2019 7:00,0.515843391,0.284468561,0.53299172,0.332128542,1.015706221,1.015706221,1.015706221,0.0789874
8/2/2019 8:00,1.270670056,1.030867696,1.607126981,0.924186486,1.691991419,1.691991419,1.691991419,0.07373267
8/2/2019 9:00,2.01640296,2.01640296,1.519277181,1.519277181,0.9587465,0.9587465,0.9587465,0.0725828
8/2/2019 10:00,2.045186758,2.045186758,2.728905636,2.728905636,0.948750474,0.948750474,0.948750474,0.07358129
8/2/2019 11:00,2.68705368,2.68705368,3.14131515,3.14131515,2.684981246,2.684981246,2.684981246,0.07641483
8/2/2019 12:00,3.066137791,3.066137791,3.283188056,3.283188056,3.771872998,3.771872998,3.771872998,0.0837149
8/2/2019 13:00,3.384012461,3.016535521,2.972222,3.16031711,5.467408077,5.467408077,5.467408077,0.09011692
8/2/2019 14:00,3.116005898,2.966010332,3.481722997,3.811702934,3.728294227,3.728294227,3.728294227,0.09292034
8/2/2019 15:00,3.40400815,3.365136862,3.255171653,3.617297041,3.247659804,3.247659804,3.247659804,0.09161203
8/2/2019 16:00,3.267779112,3.380403996,3.061317329,3.40463874,2.847921168,2.847921168,2.847921168,0.09761836
8/2/2019 17:00,3.188778162,3.188778162,2.42739656,2.42739656,2.944406663,2.944406663,2.944406663,0.11626418
8/2/2019 18:00,3.486466169,3.486466169,3.198941691,3.198941691,3.938627749,3.938627749,3.938627749,0.12103533
8/2/2019 19:00,4.171066761,4.171066761,3.988872321,3.988872321,6.986812613,6.986812613,6.986812613,0.15615279
8/2/2019 20:00,4.491464615,4.491464615,4.284315226,4.284315226,5.175406614,5.175406614,5.175406614,0.1281284
8/2/2019 21:00,4.471745014,4.424354076,4.41357167,4.094459557,4.881071194,4.881071194,4.881071194,0.116834
8/2/2019 22:00,3.994898081,3.726989746,4.335872607,4.058660017,3.423343051,3.423343051,3.423343051,0.09309992
8/2/2019 23:00,2.964018822,2.931463003,3.303487902,3.155231654,4.744971831,4.744971831,4.744971831,0.08486665
8/3/2019 0:00,2.548453569,2.61689496,2.34998395,2.509721565,3.181914223,3.181914223,3.181914223,0.07800997
8/3/2019 1:00,2.259811878,2.259811878,1.739535939,1.739535939,2.596233832,2.596233832,2.596233832,0.07626119
8/3/2019 2:00,1.160089612,1.160089612,1.147537385,1.147537385,2.248704002,2.248704002,2.248704002,0.07244677
8/3/2019 3:00,0.379904121,0.379904121,0.458295326,0.458295326,1.513256026,1.513256026,1.513256026,0.07147879
8/3/2019 4:00,0.066688813,0.066688813,0.103992343,0.103992343,0.33431136,0.33431136,0.33431136,0.07291623
8/3/2019 5:00,0.068356909,0.093405187,0.024298516,0.038711659,0.643832527,0.643832527,0.643832527,0.07885921
8/3/2019 6:00,0.070480943,0.123955771,0.05641808,0.143831695,0.036111085,0.036111085,0.036111085,0.09046321
8/3/2019 7:00,0.319153637,0.414418995,0.283597936,0.578705593,0.152746859,0.152746859,0.152746859,0.07795832
8/3/2019 8:00,0.954002082,1.459969282,0.620798339,1.278450958,1.00E-06,1.00E-06,1.00E-06,0.07148681
8/3/2019 9:00,0.479908854,0.479908854,0.503513439,0.503513439,0.738873974,0.738873974,0.738873974,0.07017779
8/3/2019 10:00,1.485030413,1.485030413,1.811306003,1.811306003,4.026451666,4.026451666,4.026451666,0.07164583
8/3/2019 11:00,2.380929708,2.380929708,2.992391444,2.992391444,8.321207524,8.321207524,8.321207524,0.07562154
8/3/2019 12:00,3.373067379,3.373067379,4.181291636,4.181291636,3.32166252,3.32166252,3.32166252,0.08061858
8/3/2019 13:00,4.117968082,3.636930704,4.717584418,4.02977763,5.325140158,5.325140158,5.325140158,0.08665837
8/3/2019 14:00,4.257191658,3.799581051,4.981022198,4.784760267,4.944853026,4.944853026,4.944853026,0.09319115
8/3/2019 15:00,3.850944519,3.635099649,4.206315406,4.270414533,6.957122728,6.957122728,6.957122728,0.09563498
8/3/2019 16:00,3.681778431,3.315079689,4.007101635,3.807800996,10.91600278,10.91600278,10.91600278,0.09229265
8/3/2019 17:00,6.068181038,6.068181038,6.418158063,6.418158063,6.731706699,6.731706699,6.731706699,0.09459962
8/3/2019 18:00,5.137261391,5.137261391,5.941783766,5.941783766,1.910250556,1.910250556,1.910250556,0.12146863
8/3/2019 19:00,4.589944839,4.589944839,7.141629338,7.141629338,5.044613345,5.044613345,5.044613345,0.14731378
8/3/2019 20:00,4.99756813,4.99756813,6.910533224,6.910533224,2.861473754,2.861473754,2.861473754,0.11970532
8/3/2019 21:00,4.639324665,4.774731636,3.982737128,6.207396969,5.463700909,5.463700909,5.463700909,0.10502055
8/3/2019 22:00,4.032216072,4.000124931,4.601793336,6.161669134,4.373421749,4.373421749,4.373421749,0.08722923
8/3/2019 23:00,4.202934742,4.310940266,4.061510065,4.678387485,2.781385974,2.781385974,2.781385974,0.08131527
8/4/2019 0:00,2.969851017,3.019992828,3.538701088,3.130493372,2.777697694,2.777697694,2.777697694,0.0796925
8/4/2019 1:00,2.207140207,2.207140207,2.098592284,2.098592284,2.967020251,2.967020251,2.967020251,0.0747383
8/4/2019 2:00,1.517176747,1.517176747,1.565251566,1.565251566,1.747127865,1.747127865,1.747127865,0.0728242
8/4/2019 3:00,0.986892462,0.986892462,0.980085437,0.980085437,0.540535529,0.540535529,0.540535529,0.07056582
8/4/2019 4:00,0.489078134,0.489078134,0.46059003,0.46059003,0.349005529,0.349005529,0.349005529,0.07117121
8/4/2019 5:00,0.123790391,0.325228333,0.146959749,0.26445856,0.204695671,0.204695671,0.204695671,0.07280654
8/4/2019 6:00,0.067722529,0.271851748,0.103011415,0.241614955,0.404849612,0.404849612,0.404849612,0.09039498
8/4/2019 7:00,0.15306215,0.187227264,0.091763388,0.241149108,0.161110471,0.161110471,0.161110471,0.07325255
8/4/2019 8:00,0.268399358,0.300623089,0.272509785,0.364466756,1.00E-06,1.00E-06,1.00E-06,0.07132984
8/4/2019 9:00,0.88804692,0.88804692,0.602438954,0.602438954,1.015975003,1.015975003,1.015975003,0.07026864
8/4/2019 10:00,2.518484592,2.518484592,2.388178026,2.388178026,2.705114422,2.705114422,2.705114422,0.07226515
8/4/2019 11:00,3.712519169,3.712519169,4.030524243,4.030524243,3.593613782,3.593613782,3.593613782,0.07675932
8/4/2019 12:00,3.915697098,3.915697098,5.288543564,5.288543564,6.867608947,6.867608947,6.867608947,0.07868093
8/4/2019 13:00,5.222023487,4.260500431,5.605226806,4.853412219,5.61130338,5.61130338,5.61130338,0.0843555
8/4/2019 14:00,4.325415611,4.248199463,6.252441164,4.92586439,5.314721254,5.314721254,5.314721254,0.09115256
8/4/2019 15:00,4.073529243,3.023649693,5.466318976,4.164801815,3.518961753,3.518961753,3.518961753,0.09280161
8/4/2019 16:00,3.597606659,2.994426966,4.866711139,4.472529495,4.05841714,4.05841714,4.05841714,0.09010251
8/4/2019 17:00,3.734397173,3.734397173,3.418967044,3.418967044,2.507454285,2.507454285,2.507454285,0.0854381
8/4/2019 18:00,3.395435333,3.395435333,3.84233471,3.84233471,2.533955562,2.533955562,2.533955562,0.10800036
8/4/2019 19:00,4.293480873,4.293480873,4.700977301,4.700977301,2.806815478,2.806815478,2.806815478,0.13854124
8/4/2019 20:00,3.836906672,3.836906672,5.230113182,5.230113182,2.120266723,2.120266723,2.120266723,0.11687516
8/4/2019 21:00,3.904002905,4.490972996,3.631006675,5.206849821,4.267159524,4.267159524,4.267159524,0.1026113
8/4/2019 22:00,3.540718317,4.150047302,4.741524909,5.085094944,2.782461784,2.782461784,2.782461784,0.08706787
8/4/2019 23:00,3.567360401,3.553731203,3.550094878,4.28718639,2.289735056,2.289735056,2.289735056,0.08003619
8/5/2019 0:00,3.019700527,2.935364723,2.993812796,3.385222199,2.305472976,2.305472976,2.305472976,0.07615268
8/5/2019 1:00,2.002137899,2.002137899,1.919044142,1.919044142,1.311548141,1.311548141,1.311548141,0.07423464
8/5/2019 2:00,1.18544817,1.18544817,1.562509399,1.562509399,0.362932776,0.362932776,0.362932776,0.07277233
8/5/2019 3:00,0.822619617,0.822619617,0.722995671,0.722995671,0.470162056,0.470162056,0.470162056,0.07244551
8/5/2019 4:00,0.284334481,0.284334481,0.334398736,0.334398736,0.225963693,0.225963693,0.225963693,0.07260926
8/5/2019 5:00,0.041952226,0.174366727,0.035312867,0.130183638,0.330909192,0.330909192,0.330909192,0.07624003
8/5/2019 6:00,0.070033275,0.087002419,0.086610443,0.143992019,1.00E-06,1.00E-06,1.00E-06,0.08571308
8/5/2019 7:00,0.100323461,0.05291843,0.234152883,0.131635303,0.891173554,0.891173554,0.891173554,0.07601623
8/5/2019 8:00,0.844081938,0.333930939,0.607929152,0.268355518,1.700175421,1.700175421,1.700175421,0.07290022
8/5/2019 9:00,2.119146585,2.119146585,1.726266525,1.726266525,4.363786921,4.363786921,4.363786921,0.07190959
8/5/2019 10:00,2.442352057,2.442352057,2.650398226,2.650398226,3.915621333,3.915621333,3.915621333,0.07501338
8/5/2019 11:00,3.146162033,3.146162033,2.75904686,2.75904686,2.808029667,2.808029667,2.808029667,0.07953442
8/5/2019 12:00,3.551239491,3.551239491,3.387000569,3.387000569,4.298129085,4.298129085,4.298129085,0.08657124
8/5/2019 13:00,4.163100243,3.779384375,3.365024266,3.335247541,5.374015172,5.374015172,5.374015172,0.09387086
8/5/2019 14:00,3.519592524,3.735095978,3.620292956,3.498392825,1.612303167,1.612303167,1.612303167,0.09770826
8/5/2019 15:00,3.306050301,3.484734774,3.525639183,3.456562603,4.064574546,4.064574546,4.064574546,0.10465915
8/5/2019 16:00,3.326460123,3.215110779,3.282634931,3.168183061,3.10293497,3.10293497,3.10293497,0.11111678
8/5/2019 17:00,3.178314209,3.178314209,2.874622099,2.874622099,3.582558498,3.582558498,3.582558498,0.12301188
8/5/2019 18:00,3.128865719,3.128865719,3.624749258,3.624749258,3.657013919,3.657013919,3.657013919,0.14139145
8/5/2019 19:00,3.552275181,3.552275181,4.14178586,4.14178586,7.928733497,7.928733497,7.928733497,0.15705714
8/5/2019 20:00,3.568270683,3.568270683,3.977229339,3.977229339,2.990072942,2.990072942,2.990072942,0.12575372
8/5/2019 21:00,3.487063885,3.521655798,3.31992459,3.77029058,8.69189669,8.69189669,8.69189669,0.11266645
8/5/2019 22:00,3.08922863,3.197013617,3.33676425,3.641766732,5.518804942,5.518804942,5.518804942,0.09274067
8/5/2019 23:00,2.369238853,2.457970619,2.513521053,2.923592366,4.233449192,4.233449192,4.233449192,0.08434845
8/6/2019 0:00,1.831399798,1.847734571,1.747764588,2.138973592,3.448343999,3.448343999,3.448343999,0.08287587
8/6/2019 1:00,2.003309727,2.003309727,1.824853084,1.824853084,1.432305413,1.432305413,1.432305413,0.07891733
8/6/2019 2:00,0.892026722,0.892026722,1.065738668,1.065738668,0.563150637,0.563150637,0.563150637,0.07532671
8/6/2019 3:00,0.336716175,0.336716175,0.546321362,0.546321362,0.058216335,0.058216335,0.058216335,0.07578995
8/6/2019 4:00,0.143015057,0.143015057,0.098167439,0.098167439,0.053220916,0.053220916,0.053220916,0.07579816
8/6/2019 5:00,0.018493637,0.094258703,0.084115094,0.030877223,1.251056661,1.251056661,1.251056661,0.08018792
8/6/2019 6:00,0.191275805,0.13581112,0.204318611,0.122584906,1.00E-06,1.00E-06,1.00E-06,0.09158533
8/6/2019 7:00,1.127157807,0.484575778,0.930525597,0.628851653,0.81312208,0.81312208,0.81312208,0.07775339
8/6/2019 8:00,1.833135009,1.289245129,2.337255016,1.656692393,2.125211525,2.125211525,2.125211525,0.07574894
8/6/2019 9:00,2.698887348,2.698887348,2.572480991,2.572480991,0.650665725,0.650665725,0.650665725,0.07438539
8/6/2019 10:00,2.735660791,2.735660791,3.327616935,3.327616935,3.580895444,3.580895444,3.580895444,0.07530184
8/6/2019 11:00,3.170229912,3.170229912,3.340200268,3.340200268,2.705644083,2.705644083,2.705644083,0.07868717
8/6/2019 12:00,3.354642153,3.354642153,3.623059749,3.623059749,4.697214419,4.697214419,4.697214419,0.08427477
8/6/2019 13:00,4.235068321,3.203154087,3.649448324,3.754279534,4.521014971,4.521014971,4.521014971,0.09171194
8/6/2019 14:00,4.081411362,4.019427776,3.810101852,3.690320581,2.060289946,2.060289946,2.060289946,0.09660517
8/6/2019 15:00,3.648449898,3.412542582,3.852527025,3.7323741,5.038812301,5.038812301,5.038812301,0.10303217
8/6/2019 16:00,3.21272254,3.014218807,3.810137294,3.297498978,2.104394173,2.104394173,2.104394173,0.09999447
8/6/2019 17:00,2.778418779,2.778418779,2.423313145,2.423313145,1.183415334,1.183415334,1.183415334,0.12095366
8/6/2019 18:00,3.013063908,3.013063908,3.672289222,3.672289222,1.23117356,1.23117356,1.23117356,0.13734055
8/6/2019 19:00,4.418846607,4.418846607,4.982849991,4.982849991,2.917617974,2.917617974,2.917617974,0.1474976
8/6/2019 20:00,3.710902691,3.710902691,4.833314863,4.833314863,3.994435443,3.994435443,3.994435443,0.12433321
8/6/2019 21:00,4.308451653,3.837012529,4.080387544,5.173078713,5.766732421,5.766732421,5.766732421,0.1110475
8/6/2019 22:00,4.34455061,4.338111401,4.702257746,5.05237318,2.344129945,2.344129945,2.344129945,0.09669337
8/6/2019 23:00,3.488362789,3.35902977,3.48050758,3.808613879,3.135861472,3.135861472,3.135861472,0.0893017
8/7/2019 0:00,2.704139233,2.698676825,2.45455072,2.748959843,2.398451475,2.398451475,2.398451475,0.08363842
8/7/2019 1:00,1.455087662,1.455087662,1.323613782,1.323613782,2.037897693,2.037897693,2.037897693,0.07982318
8/7/2019 2:00,0.908408642,0.908408642,0.76262919,0.76262919,0.73007114,0.73007114,0.73007114,0.07906292
8/7/2019 3:00,0.240751818,0.240751818,0.327876999,0.327876999,0.344050832,0.344050832,0.344050832,0.0794891
8/7/2019 4:00,0.159001499,0.159001499,0.110560605,0.110560605,0.969381058,0.969381058,0.969381058,0.07854103
8/7/2019 5:00,0.816361547,0.362243116,0.079015267,0.041193834,1.00E-06,1.00E-06,1.00E-06,0.07864711
8/7/2019 6:00,0.244131789,0.273050576,0.015992508,0.082301433,0.001359138,0.001359138,0.001359138,0.08174882
8/7/2019 7:00,0.453560412,0.508515537,0.226373432,0.446334189,0.817326194,0.817326194,0.817326194,0.07234855
8/7/2019 8:00,1.566712856,1.621163487,1.047404513,1.355674959,0.710982611,0.710982611,0.710982611,0.06728153
8/7/2019 9:00,1.509892702,1.509892702,1.054322777,1.054322777,0.651997556,0.651997556,0.651997556,0.06378
8/7/2019 10:00,2.419532299,2.419532299,2.248684128,2.248684128,1.439182781,1.439182781,1.439182781,0.06755672
8/7/2019 11:00,2.490209579,2.490209579,2.446693399,2.446693399,2.438988967,2.438988967,2.438988967,0.07101
8/7/2019 12:00,3.056321621,3.056321621,2.963739189,2.963739189,2.807989079,2.807989079,2.807989079,0.07214892
8/7/2019 13:00,2.855735064,2.961879253,2.578829733,2.918370978,5.307138052,5.307138052,5.307138052,0.07704599
8/7/2019 14:00,3.436322689,3.54439187,3.251593278,3.252265044,2.03449561,2.03449561,2.03449561,0.07943323
8/7/2019 15:00,3.111045599,3.207722664,3.155471227,3.320236745,3.701579333,3.701579333,3.701579333,0.08336551
8/7/2019 16:00,2.793560982,2.833975077,2.959615625,3.0897248,3.560234188,3.560234188,3.560234188,0.08781668
8/7/2019 17:00,3.257760763,3.257760763,2.778718534,2.778718534,2.24995353,2.24995353,2.24995353,0.09564466
8/7/2019 18:00,2.672327042,2.672327042,2.821440991,2.821440991,2.999673559,2.999673559,2.999673559,0.1127301
8/7/2019 19:00,3.7407341,3.7407341,3.777639972,3.777639972,3.421007611,3.421007611,3.421007611,0.12558801
8/7/2019 20:00,3.620602846,3.620602846,4.055624974,4.055624974,3.663167337,3.663167337,3.663167337,0.10939948
8/7/2019 21:00,4.087418556,4.187416553,3.891204854,4.210576049,4.229892727,4.229892727,4.229892727,0.10882758
8/7/2019 22:00,3.831624031,3.851099968,4.15057059,4.495369434,4.108985615,4.108985615,4.108985615,0.09817839
8/7/2019 23:00,3.485843897,3.434461832,3.167324694,3.340002469,3.748085386,3.748085386,3.748085386,0.09115752
8/8/2019 0:00,2.715790033,2.800728321,2.660777945,2.798904946,4.621504111,4.621504111,4.621504111,0.08133213
8/8/2019 1:00,3.026036739,3.026036739,2.405321678,2.405321678,2.02128961,2.02128961,2.02128961,0.08021448
8/8/2019 2:00,1.691904306,1.691904306,1.466690291,1.466690291,0.570724749,0.570724749,0.570724749,0.07736123
8/8/2019 3:00,0.546681285,0.546681285,0.734047702,0.734047702,0.428618221,0.428618221,0.428618221,0.07730965
8/8/2019 4:00,0.380627066,0.380627066,0.424346477,0.424346477,0.246314556,0.246314556,0.246314556,0.07914825
8/8/2019 5:00,0.027310841,0.089556403,0.01693012,0.065656566,1.00E-06,1.00E-06,1.00E-06,0.08165762
8/8/2019 6:00,0.036900375,0.056936514,0.032021717,0.050708908,0.000654663,0.000654663,0.000654663,0.08503601
8/8/2019 7:00,0.311891168,0.391383171,0.193119724,0.193979271,0.734691417,0.734691417,0.734691417,0.07209902
8/8/2019 8:00,1.436948657,0.739360988,0.975601655,0.687998753,1.631352358,1.631352358,1.631352358,0.06234752
8/8/2019 9:00,1.953025818,1.953025818,1.457222993,1.457222993,2.534106721,2.534106721,2.534106721,0.0598035
8/8/2019 10:00,1.853239536,1.853239536,1.815901735,1.815901735,2.286151911,2.286151911,2.286151911,0.06435634
8/8/2019 11:00,2.260052443,2.260052443,1.862349768,1.862349768,5.173010258,5.173010258,5.173010258,0.07165024
8/8/2019 12:00,2.725847483,2.725847483,2.373502557,2.373502557,3.577690085,3.577690085,3.577690085,0.07483451
8/8/2019 13:00,3.361223698,2.937916756,3.278433028,2.391569693,2.659450695,2.659450695,2.659450695,0.07835648
8/8/2019 14:00,3.395803928,3.040384293,3.638581607,2.988682281,2.650823697,2.650823697,2.650823697,0.07909498
8/8/2019 15:00,3.434992313,3.239589214,3.427683038,3.362260169,4.600203275,4.600203275,4.600203275,0.08031333
8/8/2019 16:00,2.980460644,3.048453569,3.402679635,3.308284242,2.81513306,2.81513306,2.81513306,0.0908897
8/8/2019 17:00,2.712687731,2.712687731,2.662343831,2.662343831,2.608180163,2.608180163,2.608180163,0.09811034
8/8/2019 18:00,3.191934109,3.191934109,3.299587261,3.299587261,2.430780164,2.430780164,2.430780164,0.11236173
8/8/2019 19:00,3.58189106,3.58189106,3.835539334,3.835539334,4.326605914,4.326605914,4.326605914,0.14475507
8/8/2019 20:00,3.885767221,3.885767221,4.869219051,4.869219051,2.74247492,2.74247492,2.74247492,0.11151258
8/8/2019 21:00,3.887105942,3.557924986,3.812097916,4.431793207,3.598639531,3.598639531,3.598639531,0.11000255
8/8/2019 22:00,3.715420008,4.035743237,4.479642424,4.901022572,3.154848584,3.154848584,3.154848584,0.100403
8/8/2019 23:00,3.449334621,3.522184134,3.437808227,3.860830025,2.790945332,2.790945332,2.790945332,0.08557173
8/9/2019 0:00,2.71827507,2.631063223,2.883735648,3.112037086,1.649613112,1.649613112,1.649613112,0.08297787
8/9/2019 1:00,1.370854139,1.370854139,1.173947706,1.173947706,2.861589224,2.861589224,2.861589224,0.077628
8/9/2019 2:00,0.538875043,0.538875043,0.823524268,0.823524268,0.974856611,0.974856611,0.974856611,0.07615027
8/9/2019 3:00,0.213952109,0.213952109,0.332097,0.332097,0.475939779,0.475939779,0.475939779,0.0744872
8/9/2019 4:00,0.147166073,0.147166073,0.13704432,0.13704432,0.95869164,0.95869164,0.95869164,0.07744941
8/9/2019 5:00,0.224195048,0.068683006,0.108349505,0.018306193,0.085428528,0.085428528,0.085428528,0.08443546
8/9/2019 6:00,0.097109489,0.076185159,0.031953665,0.046454006,1.00E-06,1.00E-06,1.00E-06,0.10191901
8/9/2019 7:00,0.573509097,0.839405894,0.119747123,0.389416585,0.64000639,0.64000639,0.64000639,0.09042151
8/9/2019 8:00,1.222894192,1.39148891,0.700044098,1.159965142,0.836470252,0.836470252,0.836470252,0.07869808
8/9/2019 9:00,1.718007088,1.718007088,1.254870873,1.254870873,1.641090223,1.641090223,1.641090223,0.07842061
8/9/2019 10:00,2.40273118,2.40273118,2.4769059,2.4769059,1.874200115,1.874200115,1.874200115,0.07944372
8/9/2019 11:00,3.118793011,3.118793011,3.628576641,3.628576641,3.599861051,3.599861051,3.599861051,0.08094442
8/9/2019 12:00,3.473027468,3.473027468,4.386548051,4.386548051,3.65280478,3.65280478,3.65280478,0.08568852
8/9/2019 13:00,3.374977589,3.203895569,3.076218035,3.840144272,1.953138026,1.953138026,1.953138026,0.0941866
8/9/2019 14:00,3.304378033,3.302992821,3.523920539,4.137303225,2.103795223,2.103795223,2.103795223,0.09475648
8/9/2019 15:00,3.36062789,3.17110014,3.309651186,3.592696976,4.752367641,4.752367641,4.752367641,0.09557718
8/9/2019 16:00,2.99637413,3.050556421,3.347326697,3.110660065,4.023425973,4.023425973,4.023425973,0.10773201
8/9/2019 17:00,3.392848969,3.392848969,2.828252488,2.828252488,2.256409338,2.256409338,2.256409338,0.12279759
8/9/2019 18:00,3.304632664,3.304632664,3.001693387,3.001693387,3.278246029,3.278246029,3.278246029,0.14389342
8/9/2019 19:00,4.167492867,4.167492867,3.818875106,3.818875106,3.310207448,3.310207448,3.310207448,0.17436182
8/9/2019 20:00,3.909862995,3.909862995,3.994256759,3.994256759,5.724275688,5.724275688,5.724275688,0.14162283
8/9/2019 21:00,4.147161007,4.0181427,4.204218074,3.870057153,4.809413727,4.809413727,4.809413727,0.13040742
8/9/2019 22:00,3.883664846,3.648534536,4.38137384,4.220354245,4.150320688,4.150320688,4.150320688,0.1065509
8/9/2019 23:00,3.180599213,3.154883385,3.198295356,3.333831139,3.489114277,3.489114277,3.489114277,0.09145827
8/10/2019 0:00,2.533759117,2.412206888,2.590463357,2.646630877,1.750330725,1.750330725,1.750330725,0.07966864
8/10/2019 1:00,1.570355296,1.570355296,1.25593044,1.25593044,1.081069115,1.081069115,1.081069115,0.07546053
8/10/2019 2:00,0.634074628,0.634074628,0.993799396,0.993799396,0.972559832,0.972559832,0.972559832,0.07484329
8/10/2019 3:00,0.301555216,0.301555216,0.334596742,0.334596742,0.877677692,0.877677692,0.877677692,0.07256275
8/10/2019 4:00,0.307197571,0.307197571,0.19514429,0.19514429,0.604336054,0.604336054,0.604336054,0.07510942
8/10/2019 5:00,0.078805543,0.143523231,0.030328509,0.029668725,0.356686222,0.356686222,0.356686222,0.07847568
8/10/2019 6:00,0.067773864,0.097884253,0.015679668,0.055599568,1.00E-06,1.00E-06,1.00E-06,0.10179915
8/10/2019 7:00,0.51132828,0.653223515,0.243083427,0.509028032,0.259506084,0.259506084,0.259506084,0.08550319
8/10/2019 8:00,1.026062965,0.772881746,0.924689501,1.157092096,0.121694832,0.121694832,0.121694832,0.07535933
8/10/2019 9:00,1.112477422,1.112477422,0.753735657,0.753735657,0.784721445,0.784721445,0.784721445,0.07533959
8/10/2019 10:00,1.799786925,1.799786925,2.121472084,2.121472084,3.988940189,3.988940189,3.988940189,0.07470027
8/10/2019 11:00,2.820101261,2.820101261,3.414384755,3.414384755,4.325820695,4.325820695,4.325820695,0.07344039
8/10/2019 12:00,3.288534164,3.288534164,4.94225419,4.94225419,4.521557666,4.521557666,4.521557666,0.07693893
8/10/2019 13:00,4.414840221,3.747903347,4.166597322,4.473790474,3.466458251,3.466458251,3.466458251,0.079644
8/10/2019 14:00,3.983894825,3.433059931,4.002332981,4.584300749,2.946445691,2.946445691,2.946445691,0.08630967
8/10/2019 15:00,3.200641632,3.449702978,3.43661912,3.769953832,3.649354798,3.649354798,3.649354798,0.09359205
8/10/2019 16:00,3.22166872,3.070929766,3.624751123,3.46831031,4.185653695,4.185653695,4.185653695,0.09552746
8/10/2019 17:00,3.710968494,3.710968494,3.087613344,3.087613344,3.451948557,3.451948557,3.451948557,0.10877758
8/10/2019 18:00,3.773325443,3.773325443,3.717236463,3.717236463,1.724571003,1.724571003,1.724571003,0.12397215
8/10/2019 19:00,4.015033722,4.015033722,4.600973749,4.600973749,3.118467746,3.118467746,3.118467746,0.16031493
8/10/2019 20:00,4.427944183,4.427944183,4.885028774,4.885028774,4.335680666,4.335680666,4.335680666,0.13067143
8/10/2019 21:00,4.018437862,4.32943964,4.093448816,4.705704157,6.008442999,6.008442999,6.008442999,0.12178427
8/10/2019 22:00,3.865267038,3.744934797,4.153734882,4.407313154,7.146833896,7.146833896,7.146833896,0.09529831
8/10/2019 23:00,3.638067961,3.45397377,3.22149412,3.425214666,4.016927301,4.016927301,4.016927301,0.08763845
8/11/2019 0:00,2.470691681,2.712539673,2.571009136,2.602244243,3.82527392,3.82527392,3.82527392,0.08681991
8/11/2019 1:00,2.253443718,2.253443718,1.983426247,1.983426247,2.553838228,2.553838228,2.553838228,0.08110783
8/11/2019 2:00,1.117677093,1.117677093,1.337864446,1.337864446,0.932284887,0.932284887,0.932284887,0.0800544
8/11/2019 3:00,0.635244131,0.635244131,0.695661989,0.695661989,1.703640972,1.703640972,1.703640972,0.07961633
8/11/2019 4:00,0.366099507,0.366099507,0.385758079,0.385758079,0.246326386,0.246326386,0.246326386,0.08126676
8/11/2019 5:00,0.057714731,0.140519157,0.047710289,0.118313428,0.271997359,0.271997359,0.271997359,0.08591931
8/11/2019 6:00,0.06684,0.102381662,0.040287191,0.08038025,0.088420747,0.088420747,0.088420747,0.09881938
8/11/2019 7:00,0.100047126,0.149325892,0.106912714,0.159551627,1.00E-06,1.00E-06,1.00E-06,0.08258671
8/11/2019 8:00,0.358207881,0.526121497,0.48442862,0.485272703,0.457552307,0.457552307,0.457552307,0.07617642
8/11/2019 9:00,0.994983315,0.994983315,1.145098239,1.145098239,1.376087586,1.376087586,1.376087586,0.073973
8/11/2019 10:00,2.561434269,2.561434269,2.528557245,2.528557245,2.513299358,2.513299358,2.513299358,0.07512364
8/11/2019 11:00,3.57825017,3.57825017,2.577081629,2.577081629,4.486280171,4.486280171,4.486280171,0.07386924
8/11/2019 12:00,3.165878296,3.165878296,3.190919654,3.190919654,5.261592388,5.261592388,5.261592388,0.0767971
8/11/2019 13:00,4.360525131,3.518994331,4.196395786,3.408633745,6.621519882,6.621519882,6.621519882,0.07917784
8/11/2019 14:00,4.353045464,3.662163973,4.379017895,3.926531188,6.224729111,6.224729111,6.224729111,0.08349327
8/11/2019 15:00,4.25565815,3.481864929,3.866534291,3.411765074,5.816644361,5.816644361,5.816644361,0.09163961
8/11/2019 16:00,3.487863302,2.883093357,4.117309195,3.527232949,3.804661997,3.804661997,3.804661997,0.08878398
8/11/2019 17:00,3.824556828,3.824556828,3.818491099,3.818491099,3.047009698,3.047009698,3.047009698,0.09815014
8/11/2019 18:00,3.380429983,3.380429983,4.284648606,4.284648606,3.645299336,3.645299336,3.645299336,0.11359775
8/11/2019 19:00,4.466521263,4.466521263,4.962673664,4.962673664,3.992512719,3.992512719,3.992512719,0.13793053
8/11/2019 20:00,5.36605835,5.36605835,6.269477299,6.269477299,4.093443052,4.093443052,4.093443052,0.12775081
8/11/2019 21:00,5.359859943,5.348455906,4.604619913,6.15246352,3.426418993,3.426418993,3.426418993,0.11526848
8/11/2019 22:00,5.178290844,5.022736073,5.368205063,5.833886605,4.073227642,4.073227642,4.073227642,0.10015874
8/11/2019 23:00,4.42304945,4.777277946,3.917517883,5.076420526,4.179944112,4.179944112,4.179944112,0.0908135
8/12/2019 0:00,3.908334255,3.51035285,3.404967605,3.828725256,2.773579529,2.773579529,2.773579529,0.08583588
8/12/2019 1:00,2.037654877,2.037654877,1.867835107,1.867835107,1.532664279,1.532664279,1.532664279,0.07968548
8/12/2019 2:00,1.446504235,1.446504235,1.43455345,1.43455345,0.564575246,0.564575246,0.564575246,0.07855536
8/12/2019 3:00,0.823895693,0.823895693,0.733512107,0.733512107,0.549134526,0.549134526,0.549134526,0.07798056
8/12/2019 4:00,0.312217474,0.312217474,0.355922878,0.355922878,0.128712165,0.128712165,0.128712165,0.07813532
8/12/2019 5:00,0.031018037,0.204445675,0.033356024,0.134458656,0.43579861,0.43579861,0.43579861,0.08139237
8/12/2019 6:00,0.04522872,0.062814787,0.059115095,0.1064215,1.00E-06,1.00E-06,1.00E-06,0.09679649
8/12/2019 7:00,0.217613548,0.114246964,0.195775275,0.103025045,1.120912415,1.120912415,1.120912415,0.07903251
8/12/2019 8:00,1.295387506,0.570740104,0.992281281,0.439283137,1.079631914,1.079631914,1.079631914,0.07716203
8/12/2019 9:00,1.580170751,1.580170751,1.611027652,1.611027652,1.685552472,1.685552472,1.685552472,0.0746559
8/12/2019 10:00,2.22180295,2.22180295,2.771078369,2.771078369,2.195461909,2.195461909,2.195461909,0.07602274
8/12/2019 11:00,3.01082921,3.01082921,2.972045678,2.972045678,1.550368138,1.550368138,1.550368138,0.07443228
8/12/2019 12:00,3.17211318,3.17211318,3.621740904,3.621740904,1.965277327,1.965277327,1.965277327,0.08033201
8/12/2019 13:00,2.636524916,3.57030201,2.184002022,3.505043926,1.218871216,1.218871216,1.218871216,0.08472022
8/12/2019 14:00,2.83737278,3.806776762,2.816575965,4.098378102,6.038285584,6.038285584,6.038285584,0.08848088
8/12/2019 15:00,3.336414337,4.125307083,2.932138863,3.93982168,3.04046092,3.04046092,3.04046092,0.09453562
8/12/2019 16:00,3.07018137,3.25757122,3.04577888,3.612715922,2.703229695,2.703229695,2.703229695,0.09301206
8/12/2019 17:00,3.302530527,3.302530527,2.287899877,2.287899877,2.06151966,2.06151966,2.06151966,0.10310201
8/12/2019 18:00,3.348902225,3.348902225,2.995115968,2.995115968,4.330355133,4.330355133,4.330355133,0.12627936
8/12/2019 19:00,3.456971645,3.456971645,3.364115232,3.364115232,5.749365485,5.749365485,5.749365485,0.15547173
8/12/2019 20:00,3.898315191,3.898315191,4.053631847,4.053631847,2.860260753,2.860260753,2.860260753,0.13083221
8/12/2019 21:00,4.054036617,4.367099762,3.203087063,4.080968338,4.422437777,4.422437777,4.422437777,0.11624819
8/12/2019 22:00,4.134191036,4.540860653,4.247690811,4.184758187,3.345696111,3.345696111,3.345696111,0.106
8/12/2019 23:00,3.214010239,3.281744957,3.306046928,3.556515338,3.82202267,3.82202267,3.82202267,0.08980594
8/13/2019 0:00,2.445013762,2.259802103,2.572937707,2.732053925,2.191278852,2.191278852,2.191278852,0.09099242
8/13/2019 1:00,1.546060085,1.546060085,1.262504936,1.262504936,1.267565937,1.267565937,1.267565937,0.08526142
8/13/2019 2:00,0.829831958,0.829831958,0.903606345,0.903606345,0.406732942,0.406732942,0.406732942,0.08469073
8/13/2019 3:00,0.355872691,0.355872691,0.36725502,0.36725502,0.429893583,0.429893583,0.429893583,0.08500034
8/13/2019 4:00,0.120221741,0.120221741,0.149604996,0.149604996,0.470599553,0.470599553,0.470599553,0.08497503
8/13/2019 5:00,0.107071608,0.130032942,0.028690497,0.034636492,0.105741608,0.105741608,0.105741608,0.08938114
8/13/2019 6:00,0.035174392,0.067662716,0.020889263,0.074795283,1.00E-06,1.00E-06,1.00E-06,0.09880303
8/13/2019 7:00,0.511852205,0.696969688,0.299877765,0.601234195,0.788822029,0.788822029,0.788822029,0.08623856
8/13/2019 8:00,1.2923311,1.152960896,1.147602059,1.084389033,1.632645169,1.632645169,1.632645169,0.07932686
8/13/2019 9:00,1.820019484,1.820019484,1.720037742,1.720037742,0.560372584,0.560372584,0.560372584,0.07880744
8/13/2019 10:00,2.252776146,2.252776146,2.789931318,2.789931318,0.628003414,0.628003414,0.628003414,0.07604575
8/13/2019 11:00,2.420283556,2.420283556,2.764980163,2.764980163,3.716308059,3.716308059,3.716308059,0.07518536
8/13/2019 12:00,2.919833899,2.919833899,3.362090111,3.362090111,2.050021077,2.050021077,2.050021077,0.08525661
8/13/2019 13:00,2.730907679,3.532895088,2.120665205,2.912419564,2.923877276,2.923877276,2.923877276,0.0883082
8/13/2019 14:00,3.105832577,3.17848587,3.168466991,3.20556425,2.333232057,2.333232057,2.333232057,0.08768575
8/13/2019 15:00,3.463745594,3.25706625,3.111859282,3.360001941,1.370100193,1.370100193,1.370100193,0.09759049
8/13/2019 16:00,3.046676636,3.288872957,2.880327213,3.030902491,2.859199668,2.859199668,2.859199668,0.09786028
8/13/2019 17:00,2.999718428,2.999718428,2.230787437,2.230787437,2.315387502,2.315387502,2.315387502,0.1020807
8/13/2019 18:00,3.518042564,3.518042564,2.716115774,2.716115774,2.948355997,2.948355997,2.948355997,0.12304677
8/13/2019 19:00,3.948902369,3.948902369,3.652659387,3.652659387,4.764623603,4.764623603,4.764623603,0.14228922
8/13/2019 20:00,3.913090944,3.913090944,3.653711246,3.653711246,4.494866549,4.494866549,4.494866549,0.11935037
8/13/2019 21:00,4.495386124,3.799842834,3.9259404,3.879407069,4.717773472,4.717773472,4.717773472,0.11250521
8/13/2019 22:00,4.200601578,3.965995073,4.09043966,4.042249565,6.531868526,6.531868526,6.531868526,0.11349333
8/13/2019 23:00,3.325342417,3.092400551,3.234574054,2.919663844,4.647828353,4.647828353,4.647828353,0.10178486
8/14/2019 0:00,2.340638638,2.342050314,2.320758359,2.269218941,2.511222367,2.511222367,2.511222367,0.08710183
8/14/2019 1:00,1.616711259,1.616711259,1.292549105,1.292549105,1.461034949,1.461034949,1.461034949,0.08601697
8/14/2019 2:00,0.983415365,0.983415365,0.790812151,0.790812151,0.59721636,0.59721636,0.59721636,0.08425124
8/14/2019 3:00,0.257270396,0.257270396,0.336834227,0.336834227,0.178227833,0.178227833,0.178227833,0.08308671
8/14/2019 4:00,0.11833363,0.11833363,0.165684222,0.165684222,0.16670767,0.16670767,0.16670767,0.08303096
8/14/2019 5:00,0.016033299,0.057668209,0.002029263,0.013876862,0.327217555,0.327217555,0.327217555,0.08561016
8/14/2019 6:00,0.041854009,0.057886068,0.038630222,0.071623851,1.00E-06,1.00E-06,1.00E-06,0.09243151
8/14/2019 7:00,0.735660017,0.518550813,0.661273962,0.844749982,2.570380057,2.570380057,2.570380057,0.08041543
8/14/2019 8:00,1.738777876,1.481815934,1.738170864,1.681409221,2.062900502,2.062900502,2.062900502,0.07026316
8/14/2019 9:00,1.75213623,1.75213623,1.319795138,1.319795138,0.78219661,0.78219661,0.78219661,0.06799086
8/14/2019 10:00,2.002252102,2.002252102,1.805819718,1.805819718,2.01609072,2.01609072,2.01609072,0.06994718
8/14/2019 11:00,2.788603067,2.788603067,2.070172667,2.070172667,4.969202114,4.969202114,4.969202114,0.07394148
8/14/2019 12:00,2.717868328,2.717868328,2.645328193,2.645328193,2.644281115,2.644281115,2.644281115,0.07914612
8/14/2019 13:00,2.755352736,2.31608963,2.714666001,2.730064757,3.083860223,3.083860223,3.083860223,0.08304039
8/14/2019 14:00,2.943319082,2.576985598,3.638430565,3.320653784,3.780825581,3.780825581,3.780825581,0.08467386
8/14/2019 15:00,3.318306446,3.215643406,3.764796713,3.827157355,3.951600189,3.951600189,3.951600189,0.0884112
8/14/2019 16:00,2.967232466,3.112742424,3.515294527,3.693916454,3.616256863,3.616256863,3.616256863,0.08896258
8/14/2019 17:00,3.435870647,3.435870647,3.032796547,3.032796547,3.510432693,3.510432693,3.510432693,0.09784975
8/14/2019 18:00,3.300313711,3.300313711,3.550626596,3.550626596,3.670553164,3.670553164,3.670553164,0.11368321
8/14/2019 19:00,4.106806755,4.106806755,4.741997852,4.741997852,4.844310669,4.844310669,4.844310669,0.14123251
8/14/2019 20:00,4.545826912,4.545826912,4.946810168,4.946810168,3.694837087,3.694837087,3.694837087,0.11271288
8/14/2019 21:00,4.397203922,4.606196404,4.16538713,5.170194643,4.192914416,4.192914416,4.192914416,0.10598312
8/14/2019 22:00,4.632885456,4.783649921,4.728798193,5.199155855,4.975642003,4.975642003,4.975642003,0.09574512
8/14/2019 23:00,3.429098606,3.698396921,3.660653593,3.706653483,4.626177608,4.626177608,4.626177608,0.08944181
8/15/2019 0:00,2.594427109,2.751345158,2.526750363,2.727197767,3.05389489,3.05389489,3.05389489,0.09510925
8/15/2019 1:00,1.926509142,1.926509142,1.496578881,1.496578881,1.775250863,1.775250863,1.775250863,0.0851753
8/15/2019 2:00,0.997070491,0.997070491,0.923786441,0.923786441,0.832957385,0.832957385,0.832957385,0.08520017
8/15/2019 3:00,0.399181336,0.399181336,0.365848252,0.365848252,0.442531252,0.442531252,0.442531252,0.08470722
8/15/2019 4:00,0.124794304,0.124794304,0.144974486,0.144974486,0.438213529,0.438213529,0.438213529,0.08597478
8/15/2019 5:00,0.066000395,0.098023467,0.020144576,0.015920224,0.156639669,0.156639669,0.156639669,0.08388225
8/15/2019 6:00,0.032952201,0.065843143,0.019762953,0.058790691,1.00E-06,1.00E-06,1.00E-06,0.08702577
8/15/2019 7:00,0.804127455,0.84468174,0.391952816,0.798711528,1.255230803,1.255230803,1.255230803,0.07913179
8/15/2019 8:00,1.867464185,2.139594078,1.235458277,1.580150773,1.954986644,1.954986644,1.954986644,0.06533972
8/15/2019 9:00,1.896512032,1.896512032,1.49846988,1.49846988,0.876828948,0.876828948,0.876828948,0.06333998
8/15/2019 10:00,2.039819956,2.039819956,2.240311912,2.240311912,1.449182861,1.449182861,1.449182861,0.06756477
8/15/2019 11:00,2.762346745,2.762346745,2.401072721,2.401072721,1.785907,1.785907,1.785907,0.07442701
8/15/2019 12:00,2.955765724,2.955765724,3.038884583,3.038884583,1.532090834,1.532090834,1.532090834,0.07893578
8/15/2019 13:00,2.189137697,3.30762887,1.804685408,2.879721629,3.226909893,3.226909893,3.226909893,0.08352876
8/15/2019 14:00,2.725926876,3.28957057,2.61845157,3.379695988,5.048033735,5.048033735,5.048033735,0.08639669
8/15/2019 15:00,2.984893084,3.315017223,2.932438146,3.743750865,3.539982702,3.539982702,3.539982702,0.08797796
8/15/2019 16:00,3.136719465,3.658699036,3.169950537,3.554784667,4.693534942,4.693534942,4.693534942,0.09769858
8/15/2019 17:00,3.840331793,3.840331793,3.054018561,3.054018561,2.487561302,2.487561302,2.487561302,0.10434268
8/15/2019 18:00,3.595189095,3.595189095,3.108357936,3.108357936,3.660437694,3.660437694,3.660437694,0.12831036
8/15/2019 19:00,4.015865326,4.015865326,3.610360372,3.610360372,4.642942834,4.642942834,4.642942834,0.15692157
8/15/2019 20:00,4.25139761,4.25139761,4.36894653,4.36894653,4.024190855,4.024190855,4.024190855,0.12866978
8/15/2019 21:00,4.788293839,4.700739861,3.942240937,4.364601875,4.263488276,4.263488276,4.263488276,0.11830734
8/15/2019 22:00,4.718271732,4.972982407,4.64168838,4.955346278,4.981532141,4.981532141,4.981532141,0.0987778
8/15/2019 23:00,3.82632184,3.985562086,3.880540086,3.914391388,4.031479134,4.031479134,4.031479134,0.08985483
8/16/2019 0:00,3.021302938,3.126660585,2.928103679,3.110890178,3.725151641,3.725151641,3.725151641,0.10091036
8/16/2019 1:00,2.194579601,2.194579601,2.067965236,2.067965236,1.92575486,1.92575486,1.92575486,0.08934666
8/16/2019 2:00,1.340455294,1.340455294,1.318890046,1.318890046,0.336076279,0.336076279,0.336076279,0.08731517
8/16/2019 3:00,0.469624311,0.469624311,0.643037591,0.643037591,0.293843614,0.293843614,0.293843614,0.08764012
8/16/2019 4:00,0.210413873,0.210413873,0.312162148,0.312162148,0.247467612,0.247467612,0.247467612,0.08811658
8/16/2019 5:00,0.034971427,0.064483181,0.011750434,0.042754988,0.031736333,0.031736333,0.031736333,0.09463828
8/16/2019 6:00,0.059970889,0.067799494,0.033692318,0.05089629,1.00E-06,1.00E-06,1.00E-06,0.11492828
8/16/2019 7:00,0.573800921,0.405775398,0.380623277,0.425464478,1.458851388,1.458851388,1.458851388,0.13848
8/16/2019 8:00,1.684616327,1.595232964,1.628088517,1.18701437,1.390540801,1.390540801,1.390540801,0.08485
8/16/2019 9:00,1.776316285,1.776316285,1.523768434,1.523768434,0.962222612,0.962222612,0.962222612,0.0817644
8/16/2019 10:00,1.96331656,1.96331656,2.119708215,2.119708215,2.15010022,2.15010022,2.15010022,0.08489825
8/16/2019 11:00,2.331875086,2.331875086,2.098306043,2.098306043,2.746150751,2.746150751,2.746150751,0.08780183
8/16/2019 12:00,2.678359509,2.678359509,2.740248237,2.740248237,2.484396865,2.484396865,2.484396865,0.09656097
8/16/2019 13:00,2.920092344,3.159039736,2.385742726,2.516588441,2.690146134,2.690146134,2.690146134,0.1060109
8/16/2019 14:00,3.073487282,2.99530983,3.356409675,3.074518521,5.531796524,5.531796524,5.531796524,0.11394598
8/16/2019 15:00,3.122687578,3.270697832,3.257082557,3.588334209,6.253693678,6.253693678,6.253693678,0.12700273
8/16/2019 16:00,3.004573584,3.26138854,3.038091099,3.493467897,4.402734744,4.402734744,4.402734744,0.13573605
8/16/2019 17:00,3.531161308,3.531161308,3.01778817,3.01778817,5.880525313,5.880525313,5.880525313,0.157978
8/16/2019 18:00,3.429561138,3.429561138,3.385352666,3.385352666,5.228859083,5.228859083,5.228859083,0.2049969
8/16/2019 19:00,4.214922428,4.214922428,4.190067349,4.190067349,4.718803647,4.718803647,4.718803647,0.22806749
8/16/2019 20:00,4.378495216,4.378495216,4.691930179,4.691930179,5.28641855,5.28641855,5.28641855,0.15978697
8/16/2019 21:00,4.558715343,4.635388374,4.513214736,4.475624604,5.531185447,5.531185447,5.531185447,0.13632005
8/16/2019 22:00,4.734507561,4.92716074,4.876943428,4.809034113,6.587067825,6.587067825,6.587067825,0.12098068
8/16/2019 23:00,4.03871727,4.016386509,3.80416854,3.625741415,4.74045272,4.74045272,4.74045272,0.10374098
8/17/2019 0:00,3.176847219,3.147444248,3.010286666,2.942283427,2.06922611,2.06922611,2.06922611,0.09082514
8/17/2019 1:00,1.373681068,1.373681068,1.256362502,1.256362502,1.275199642,1.275199642,1.275199642,0.08726796
8/17/2019 2:00,0.86725688,0.86725688,1.010331868,1.010331868,0.488166668,0.488166668,0.488166668,0.08514234
8/17/2019 3:00,0.233340785,0.233340785,0.331970178,0.331970178,0.622522558,0.622522558,0.622522558,0.0829918
8/17/2019 4:00,0.137249008,0.137249008,0.145301021,0.145301021,0.182313138,0.182313138,0.182313138,0.08555517
8/17/2019 5:00,0.014068175,0.110312268,0.009303574,0.028285108,0.242455165,0.242455165,0.242455165,0.08821448
8/17/2019 6:00,0.052254792,0.097247303,0.068584107,0.08750201,1.00E-06,1.00E-06,1.00E-06,0.12038834
8/17/2019 7:00,0.880871058,1.177572131,0.755736491,0.889078934,0.155511028,0.155511028,0.155511028,0.09588269
8/17/2019 8:00,1.98850596,1.713929653,1.779115691,1.481379852,0.098405806,0.098405806,0.098405806,0.08193143
8/17/2019 9:00,1.137872338,1.137872338,1.176609124,1.176609124,0.256121472,0.256121472,0.256121472,0.07896136
8/17/2019 10:00,2.167722464,2.167722464,3.058820374,3.058820374,2.709302061,2.709302061,2.709302061,0.08267867
8/17/2019 11:00,2.79018569,2.79018569,3.530697849,3.530697849,3.44969139,3.44969139,3.44969139,0.08916729
8/17/2019 12:00,3.26914835,3.26914835,4.113306626,4.113306626,2.915584973,2.915584973,2.915584973,0.10089333
8/17/2019 13:00,3.65946722,3.437605143,3.655527185,4.272581914,3.878942751,3.878942751,3.878942751,0.12028466
8/17/2019 14:00,3.697919846,3.500238419,3.898869956,4.546784503,5.563119885,5.563119885,5.563119885,0.14033356
8/17/2019 15:00,3.451905012,3.48017168,3.391867992,3.666867564,5.194694186,5.194694186,5.194694186,0.14490666
8/17/2019 16:00,3.227303982,3.096172571,3.404109522,3.620254987,2.875310556,2.875310556,2.875310556,0.16568147
8/17/2019 17:00,3.6676507,3.6676507,2.792542444,2.792542444,2.228411416,2.228411416,2.228411416,0.24983504
8/17/2019 18:00,3.656356096,3.656356096,3.576985193,3.576985193,1.783864474,1.783864474,1.783864474,0.2715915
8/17/2019 19:00,3.332367659,3.332367659,4.19742707,4.19742707,4.337297051,4.337297051,4.337297051,0.3230768
8/17/2019 20:00,4.675861835,4.675861835,4.877689229,4.877689229,6.166592141,6.166592141,6.166592141,0.21416753
8/17/2019 21:00,5.103746891,4.745573044,4.710650244,4.837094633,6.200826753,6.200826753,6.200826753,0.16189053
8/17/2019 22:00,4.861549377,4.550816059,4.947086556,4.929311766,3.980118243,3.980118243,3.980118243,0.13226787
8/17/2019 23:00,4.030673981,4.137350082,3.450504406,3.908773105,3.87895825,3.87895825,3.87895825,0.10990141
8/18/2019 0:00,2.537204742,2.594661951,2.7123068,2.9614588,2.335068415,2.335068415,2.335068415,0.09244903
8/18/2019 1:00,1.58185935,1.58185935,1.156358245,1.156358245,2.637495943,2.637495943,2.637495943,0.08991615
8/18/2019 2:00,0.849313736,0.849313736,0.97961326,0.97961326,2.1023042,2.1023042,2.1023042,0.08743202
8/18/2019 3:00,0.35206899,0.35206899,0.420730763,0.420730763,1.190369837,1.190369837,1.190369837,0.0860297
8/18/2019 4:00,0.186859265,0.186859265,0.202381381,0.202381381,0.397077976,0.397077976,0.397077976,0.08628712
8/18/2019 5:00,0.121537797,0.167427823,0.143372596,0.073128772,0.400206166,0.400206166,0.400206166,0.08867778
8/18/2019 6:00,0.093937539,0.158850193,0.050267178,0.129502296,0.211008612,0.211008612,0.211008612,0.11543658
8/18/2019 7:00,0.102201864,0.290296346,0.154573524,0.36744288,0.361007334,0.361007334,0.361007334,0.09430239
8/18/2019 8:00,0.094809063,0.419991314,0.267430318,0.656343484,1.00E-06,1.00E-06,1.00E-06,0.08645172
8/18/2019 9:00,0.324606448,0.324606448,0.438692219,0.438692219,0.512017306,0.512017306,0.512017306,0.0829074
8/18/2019 10:00,1.502262115,1.502262115,2.288336442,2.288336442,3.916955997,3.916955997,3.916955997,0.08669098
8/18/2019 11:00,2.008020163,2.008020163,3.32793252,3.32793252,6.450749859,6.450749859,6.450749859,0.09088171
8/18/2019 12:00,2.622668982,2.622668982,5.354501902,5.354501902,7.680814504,7.680814504,7.680814504,0.10890477
8/18/2019 13:00,5.161540508,3.971003532,5.519829624,4.877104195,10.01536975,10.01536975,10.01536975,0.13071712
8/18/2019 14:00,5.057475567,3.870539904,6.007511355,5.389126223,9.498401731,9.498401731,9.498401731,0.15810939
8/18/2019 15:00,4.857621193,3.527799845,4.973831816,4.695462163,6.172852965,6.172852965,6.172852965,0.16104465
8/18/2019 16:00,3.320421219,2.793494701,4.818396402,4.377104901,3.7553142,3.7553142,3.7553142,0.1746316
8/18/2019 17:00,3.665178537,3.665178537,4.3908941,4.3908941,3.438531113,3.438531113,3.438531113,0.24698639
8/18/2019 18:00,3.993694067,3.993694067,5.255113152,5.255113152,4.183482496,4.183482496,4.183482496,0.28021765
8/18/2019 19:00,4.683460236,4.683460236,6.58791552,6.58791552,7.888332779,7.888332779,7.888332779,0.31237418
8/18/2019 20:00,5.207518101,5.207518101,6.36757911,6.36757911,5.184308336,5.184308336,5.184308336,0.20235513
8/18/2019 21:00,5.169132233,5.153238773,5.603772357,6.668849047,4.694392335,4.694392335,4.694392335,0.15600256
8/18/2019 22:00,4.596831799,5.08431673,5.625962735,5.876724108,3.875404975,3.875404975,3.875404975,0.12
8/18/2019 23:00,3.845996618,4.175266266,4.099088951,4.474203636,2.673647865,2.673647865,2.673647865,0.10291261
8/19/2019 0:00,3.172093391,3.137660265,3.142564422,3.015933429,2.101290473,2.101290473,2.101290473,0.09243461
8/19/2019 1:00,1.513919711,1.513919711,1.415107561,1.415107561,1.03936181,1.03936181,1.03936181,0.0910724
8/19/2019 2:00,1.084839702,1.084839702,0.897543806,0.897543806,0.78082439,0.78082439,0.78082439,0.0905995
8/19/2019 3:00,0.540447474,0.540447474,0.37308364,0.37308364,0.228843973,0.228843973,0.228843973,0.08854648
8/19/2019 4:00,0.270563215,0.270563215,0.145007775,0.145007775,0.23371239,0.23371239,0.23371239,0.08883083
8/19/2019 5:00,0.043375771,0.086685129,0.082135137,0.13252173,1.00E-06,1.00E-06,1.00E-06,0.09158562
8/19/2019 6:00,0.103404336,0.145811573,0.482059556,0.374198794,0.381420445,0.381420445,0.381420445,0.11686251
8/19/2019 7:00,0.524394929,0.494226158,1.451258344,0.841471029,1.001428753,1.001428753,1.001428753,0.09092368
8/19/2019 8:00,1.446298957,1.360854387,1.433081071,1.304669312,1.481561973,1.481561973,1.481561973,0.08476187
8/19/2019 9:00,2.287577629,2.287577629,1.656788473,1.656788473,3.612761804,3.612761804,3.612761804,0.08107495
8/19/2019 10:00,3.343551636,3.343551636,3.29244784,3.29244784,5.628867507,5.628867507,5.628867507,0.08334798
8/19/2019 11:00,3.886777878,3.886777878,4.328316064,4.328316064,3.709222525,3.709222525,3.709222525,0.08757
8/19/2019 12:00,4.247397423,4.247397423,4.495227376,4.495227376,6.332022908,6.332022908,6.332022908,0.09551887
8/19/2019 13:00,5.355187416,3.888889551,5.109228585,4.316788501,5.067241451,5.067241451,5.067241451,0.11352745
8/19/2019 14:00,4.250844479,4.037096977,5.153785198,5.010474501,4.119592441,4.119592441,4.119592441,0.13103207
8/19/2019 15:00,4.03885746,3.881873846,4.296152506,4.60226867,3.173275701,3.173275701,3.173275701,0.14862697
8/19/2019 16:00,3.7729702,3.223963022,4.430419715,4.053466506,3.153283305,3.153283305,3.153283305,0.1557624
8/19/2019 17:00,3.695563793,3.695563793,3.530702398,3.530702398,2.023019864,2.023019864,2.023019864,0.19506601
8/19/2019 18:00,4.571225166,4.571225166,5.30523772,5.30523772,5.265846525,5.265846525,5.265846525,0.22104239
8/19/2019 19:00,5.077450752,5.077450752,5.493754959,5.493754959,8.23269276,8.23269276,8.23269276,0.25
8/19/2019 20:00,4.984257221,4.984257221,5.086785867,5.086785867,4.293626832,4.293626832,4.293626832,0.18156929
8/19/2019 21:00,4.392921925,4.671708107,3.994260574,4.810787091,4.513936725,4.513936725,4.513936725,0.14821487
8/19/2019 22:00,3.926030159,4.065428257,3.717092361,4.150290976,4.021196724,4.021196724,4.021196724,0.10732283
8/19/2019 23:00,2.591209173,2.620848656,2.581732629,2.972342682,3.550495865,3.550495865,3.550495865,0.1027617
8/20/2019 0:00,2.026830673,2.014820337,1.74499178,1.943794042,3.328435667,3.328435667,3.328435667,0.08628462
8/20/2019 1:00,1.946726084,1.946726084,1.738953664,1.738953664,2.255835411,2.255835411,2.255835411,0.08475039
8/20/2019 2:00,0.999476492,0.999476492,0.818505902,0.818505902,0.509117833,0.509117833,0.509117833,0.08244619
8/20/2019 3:00,0.321038723,0.321038723,0.435264222,0.435264222,0.747392026,0.747392026,0.747392026,0.08228306
8/20/2019 4:00,0.087565631,0.087565631,0.046361161,0.046361161,0.29015017,0.29015017,0.29015017,0.08263012
8/20/2019 5:00,0.026651366,0.145575002,0.007197635,0.021218599,0.048172556,0.048172556,0.048172556,0.08433924
8/20/2019 6:00,0.111938126,0.297977597,0.112730222,0.233839431,1.00E-06,1.00E-06,1.00E-06,0.09621044
8/20/2019 7:00,0.538477778,0.620739341,0.434331103,0.63147284,1.013764668,1.013764668,1.013764668,0.08339885
8/20/2019 8:00,1.356286883,1.621979952,1.158553726,1.310146121,1.917658008,1.917658008,1.917658008,0.07655935
8/20/2019 9:00,2.691368341,2.691368341,2.705021555,2.705021555,1.192706669,1.192706669,1.192706669,0.07405467
8/20/2019 10:00,3.714881659,3.714881659,4.80765659,4.80765659,1.297362332,1.297362332,1.297362332,0.07604189
8/20/2019 11:00,4.769948483,4.769948483,5.112065479,5.112065479,1.779944915,1.779944915,1.779944915,0.07909619
8/20/2019 12:00,4.283910751,4.283910751,5.194057616,5.194057616,1.182524584,1.182524584,1.182524584,0.08295076
8/20/2019 13:00,2.18008399,3.933571577,1.828984491,5.106268967,3.271430219,3.271430219,3.271430219,0.0882527
8/20/2019 14:00,2.744563818,3.761022091,2.822669879,4.996536251,2.392023168,2.392023168,2.392023168,0.09920638
8/20/2019 15:00,2.617657423,3.247357607,3.031192621,4.510254083,4.509723057,4.509723057,4.509723057,0.10449067
8/20/2019 16:00,2.827266216,3.233400822,3.023586126,3.700495735,3.915343689,3.915343689,3.915343689,0.11075997
8/20/2019 17:00,3.410955667,3.410955667,2.479489154,2.479489154,3.131491608,3.131491608,3.131491608,0.12613139
8/20/2019 18:00,3.346596718,3.346596718,2.849722546,2.849722546,0.972619417,0.972619417,0.972619417,0.14935973
8/20/2019 19:00,4.407428265,4.407428265,4.112697579,4.112697579,4.151943724,4.151943724,4.151943724,0.16392654
8/20/2019 20:00,4.835277557,4.835277557,4.481581411,4.481581411,4.295328061,4.295328061,4.295328061,0.134506
8/20/2019 21:00,4.448950291,4.493511677,3.918829808,4.412502003,4.864823077,4.864823077,4.864823077,0.12066781
8/20/2019 22:00,4.390787601,4.521089554,4.257655007,4.892462366,4.217443834,4.217443834,4.217443834,0.10041097
8/20/2019 23:00,3.782316685,4.057470322,3.693780561,3.4543215,3.293443807,3.293443807,3.293443807,0.09411362
8/21/2019 0:00,3.343229532,3.123425961,2.834155114,2.838340346,2.562483478,2.562483478,2.562483478,0.08491596
8/21/2019 1:00,1.980465531,1.980465531,1.68579355,1.68579355,1.112455836,1.112455836,1.112455836,0.08272778
8/21/2019 2:00,0.956283629,0.956283629,1.019114068,1.019114068,1.716528083,1.716528083,1.716528083,0.08328536
8/21/2019 3:00,0.580873847,0.580873847,0.537400945,0.537400945,0.301235975,0.301235975,0.301235975,0.08141377
8/21/2019 4:00,0.232379258,0.232379258,0.260316751,0.260316751,0.158213667,0.158213667,0.158213667,0.08166534
8/21/2019 5:00,0.014945544,0.046109024,0.004910975,0.025268111,1.00E-06,1.00E-06,1.00E-06,0.0829107
8/21/2019 6:00,0.045581698,0.057674255,0.044783469,0.052508719,0.005720554,0.005720554,0.005720554,0.08190916
8/21/2019 7:00,0.522467136,0.438845932,0.528979034,0.543469212,1.280181807,1.280181807,1.280181807,0.07509251
8/21/2019 8:00,1.501474738,1.632909894,1.489208639,1.506259684,1.994559524,1.994559524,1.994559524,0.06638343
8/21/2019 9:00,1.93539834,1.93539834,1.344136592,1.344136592,1.019276167,1.019276167,1.019276167,0.06316817
8/21/2019 10:00,1.786779404,1.786779404,1.846372486,1.846372486,1.77079244,1.77079244,1.77079244,0.06438216
8/21/2019 11:00,2.424072742,2.424072742,2.109578515,2.109578515,2.324731553,2.324731553,2.324731553,0.06917205
8/21/2019 12:00,2.737554073,2.737554073,2.526660346,2.526660346,2.241073689,2.241073689,2.241073689,0.07467918
8/21/2019 13:00,2.455872774,3.049893141,2.254626188,2.570290526,2.421942916,2.421942916,2.421942916,0.08169072
8/21/2019 14:00,2.90251112,3.180293083,2.841778755,3.058562834,2.385020004,2.385020004,2.385020004,0.0822764
8/21/2019 15:00,2.907215118,3.541201353,3.024348798,3.445363445,6.203252898,6.203252898,6.203252898,0.08670104
8/21/2019 16:00,2.989970207,3.04977107,2.844184252,3.329314872,2.629389137,2.629389137,2.629389137,0.08933277
8/21/2019 17:00,2.267606974,2.267606974,2.618328483,2.618328483,1.456588726,1.456588726,1.456588726,0.10049512
8/21/2019 18:00,2.867466688,2.867466688,2.882159144,2.882159144,2.862738999,2.862738999,2.862738999,0.11912882
8/21/2019 19:00,3.570054531,3.570054531,3.71910242,3.71910242,4.342620556,4.342620556,4.342620556,0.1351833
8/21/2019 20:00,4.175782681,4.175782681,4.118615971,4.118615971,2.20652873,2.20652873,2.20652873,0.11291369
8/21/2019 21:00,3.632743359,4.34526968,3.553904937,4.285244588,2.268633502,2.268633502,2.268633502,0.10328701
8/21/2019 22:00,3.709149361,4.365655899,4.068683925,4.895070412,3.372149666,3.372149666,3.372149666,0.09030823
8/21/2019 23:00,3.154109478,3.449783802,3.005179015,3.592695078,4.586825334,4.586825334,4.586825334,0.08699754
8/22/2019 0:00,2.622005463,2.578117847,2.48232361,2.85867266,2.168317332,2.168317332,2.168317332,0.08374986
8/22/2019 1:00,1.578241229,1.578241229,1.396249536,1.396249536,1.803248666,1.803248666,1.803248666,0.08426439
8/22/2019 2:00,1.325988054,1.325988054,0.998383605,0.998383605,0.930447054,0.930447054,0.930447054,0.08359721
8/22/2019 3:00,0.497754216,0.497754216,0.460303513,0.460303513,0.406111333,0.406111333,0.406111333,0.08289425
8/22/2019 4:00,0.132834896,0.132834896,0.216682874,0.216682874,0.071126139,0.071126139,0.071126139,0.08021251
8/22/2019 5:00,0.011669262,0.058451958,0.024198067,0.021027038,1.00E-06,1.00E-06,1.00E-06,0.08344176
8/22/2019 6:00,0.073330723,0.0741954,0.042197769,0.039723414,0.000320194,0.000320194,0.000320194,0.08499035
8/22/2019 7:00,0.707672596,0.737266958,0.35479676,0.334705309,1.582964309,1.582964309,1.582964309,0.07471931
8/22/2019 8:00,1.461278439,1.272831321,1.292472905,1.242821765,1.353430801,1.353430801,1.353430801,0.06203499
8/22/2019 9:00,1.37399888,1.37399888,1.192322873,1.192322873,1.684103246,1.684103246,1.684103246,0.0562741
8/22/2019 10:00,1.984455824,1.984455824,2.069862544,2.069862544,1.104861383,1.104861383,1.104861383,0.05873829
8/22/2019 11:00,2.491640806,2.491640806,2.383250067,2.383250067,1.743430999,1.743430999,1.743430999,0.06520385
8/22/2019 12:00,2.698168516,2.698168516,2.922905908,2.922905908,2.464286071,2.464286071,2.464286071,0.07249956
8/22/2019 13:00,2.553747177,2.877800941,1.968756662,2.485896912,5.7262687,5.7262687,5.7262687,0.07174882
8/22/2019 14:00,2.699086905,2.936060667,2.570106555,3.149128607,2.858489496,2.858489496,2.858489496,0.07755521
8/22/2019 15:00,3.00643158,2.930431366,2.776007864,3.347140738,3.438886248,3.438886248,3.438886248,0.08309858
8/22/2019 16:00,2.854809999,2.880850792,2.971104722,3.017773362,2.623611884,2.623611884,2.623611884,0.0887782
8/22/2019 17:00,2.568297386,2.568297386,2.442218115,2.442218115,2.662359252,2.662359252,2.662359252,0.09281525
8/22/2019 18:00,2.499296188,2.499296188,2.817029107,2.817029107,3.674999336,3.674999336,3.674999336,0.11456207
8/22/2019 19:00,3.239391088,3.239391088,3.652975445,3.652975445,3.770337032,3.770337032,3.770337032,0.12877046
8/22/2019 20:00,3.769673586,3.769673586,3.760788174,3.760788174,5.743672553,5.743672553,5.743672553,0.11326938
8/22/2019 21:00,4.321793556,3.359040976,4.380994284,3.634595057,3.18185964,3.18185964,3.18185964,0.10234944
8/22/2019 22:00,4.413125992,3.910268307,4.396291101,4.233336914,3.852337501,3.852337501,3.852337501,0.08664868
8/22/2019 23:00,3.672719955,3.069638252,3.378202207,3.272129586,4.11515523,4.11515523,4.11515523,0.08378559
8/23/2019 0:00,2.655652046,2.616999149,2.564462338,2.556592072,2.970918659,2.970918659,2.970918659,0.08161454
8/23/2019 1:00,2.027107477,2.027107477,1.729374408,1.729374408,1.310685837,1.310685837,1.310685837,0.08146265
8/23/2019 2:00,1.195660233,1.195660233,1.175605054,1.175605054,0.920317167,0.920317167,0.920317167,0.08002883
8/23/2019 3:00,0.363338858,0.363338858,0.529570001,0.529570001,0.843565168,0.843565168,0.843565168,0.07824198
8/23/2019 4:00,0.119348273,0.119348273,0.232145655,0.232145655,0.128865387,0.128865387,0.128865387,0.08012777
8/23/2019 5:00,0.012483863,0.059872456,0.009364372,0.022971494,0.184670474,0.184670474,0.184670474,0.08362546
8/23/2019 6:00,0.03580419,0.071177945,0.046170719,0.040254064,1.00E-06,1.00E-06,1.00E-06,0.09735836
8/23/2019 7:00,0.573126376,0.609946668,0.459173265,0.415595589,1.055960331,1.055960331,1.055960331,0.0827893
8/23/2019 8:00,1.538565278,1.650772095,1.472515411,1.264872223,2.185213525,2.185213525,2.185213525,0.07418036
8/23/2019 9:00,1.963433385,1.963433385,1.716101725,1.716101725,0.967862389,0.967862389,0.967862389,0.07946969
8/23/2019 10:00,1.953413367,1.953413367,2.159550147,2.159550147,1.342184442,1.342184442,1.342184442,0.07661104
8/23/2019 11:00,2.192445517,2.192445517,2.243439116,2.243439116,2.235485333,2.235485333,2.235485333,0.07915106
8/23/2019 12:00,2.935031414,2.935031414,2.925807311,2.925807311,2.997279385,2.997279385,2.997279385,0.08258902
8/23/2019 13:00,2.861368418,3.052344799,2.680523795,2.750254842,4.94894092,4.94894092,4.94894092,0.0840651
8/23/2019 14:00,3.222954273,3.10956955,3.288372819,3.382949649,2.977211268,2.977211268,2.977211268,0.08885554
8/23/2019 15:00,3.086190224,3.170799971,3.275497836,3.668070427,5.060788715,5.060788715,5.060788715,0.08847834
8/23/2019 16:00,3.024992704,2.938587666,3.142772398,3.521531439,4.03168903,4.03168903,4.03168903,0.09228209
8/23/2019 17:00,3.331877232,3.331877232,3.034728359,3.034728359,2.312589391,2.312589391,2.312589391,0.10685804
8/23/2019 18:00,3.252868414,3.252868414,3.277004289,3.277004289,1.721459333,1.721459333,1.721459333,0.1351509
8/23/2019 19:00,3.531908512,3.531908512,3.904605357,3.904605357,3.684007108,3.684007108,3.684007108,0.15053688
8/23/2019 20:00,4.726499081,4.726499081,4.478597329,4.478597329,2.045130109,2.045130109,2.045130109,0.12108631
8/23/2019 21:00,3.023275614,4.046918392,3.134463434,4.304709438,3.46797044,3.46797044,3.46797044,0.10457376
8/23/2019 22:00,3.761681557,4.174663067,3.919205523,4.739082647,4.187945471,4.187945471,4.187945471,0.08963344
8/23/2019 23:00,3.518835545,3.765412807,3.338756966,3.80720517,3.858269443,3.858269443,3.858269443,0.08437633
8/24/2019 0:00,3.062116861,2.941508532,2.841796958,2.948040308,2.402127056,2.402127056,2.402127056,0.08836284
8/24/2019 1:00,1.733130693,1.733130693,1.665707813,1.665707813,1.791153583,1.791153583,1.791153583,0.0837772
8/24/2019 2:00,0.92201364,0.92201364,1.071838698,1.071838698,0.856288471,0.856288471,0.856288471,0.08314048
8/24/2019 3:00,0.778098881,0.778098881,0.56450459,0.56450459,0.439888059,0.439888059,0.439888059,0.08233695
8/24/2019 4:00,0.173464075,0.173464075,0.262988756,0.262988756,0.312522918,0.312522918,0.312522918,0.08349482
8/24/2019 5:00,0.045325469,0.056292396,0.030021865,0.04243625,0.115424225,0.115424225,0.115424225,0.08607414
8/24/2019 6:00,0.037917756,0.069343001,0.023511379,0.052381009,1.00E-06,1.00E-06,1.00E-06,0.10122627
8/24/2019 7:00,0.435788691,0.505103052,0.20393338,0.323273566,0.583254004,0.583254004,0.583254004,0.08519875
8/24/2019 8:00,1.623660803,1.584102869,1.130872449,1.170818982,0.513696165,0.513696165,0.513696165,0.07781895
8/24/2019 9:00,1.292776823,1.292776823,1.056634434,1.056634434,2.829083228,2.829083228,2.829083228,0.07531532
8/24/2019 10:00,1.594449997,1.594449997,1.780523844,1.780523844,3.150581998,3.150581998,3.150581998,0.07608432
8/24/2019 11:00,2.322716951,2.322716951,2.022328919,2.022328919,4.833522024,4.833522024,4.833522024,0.08027508
8/24/2019 12:00,2.990868807,2.990868807,2.767252931,2.767252931,6.646432976,6.646432976,6.646432976,0.08436205
8/24/2019 13:00,5.209252357,3.282191038,4.348291139,2.769104286,5.021049074,5.021049074,5.021049074,0.0897173
8/24/2019 14:00,4.073423386,3.43331027,4.461199055,3.221981968,4.61826878,4.61826878,4.61826878,0.09488979
8/24/2019 15:00,3.668609381,3.21350956,4.075880748,3.239726697,2.682595167,2.682595167,2.682595167,0.10831128
8/24/2019 16:00,3.343359709,2.984643459,3.79497462,3.026294027,3.673666886,3.673666886,3.673666886,0.11081897
8/24/2019 17:00,3.281255245,3.281255245,3.20774966,3.20774966,3.638681745,3.638681745,3.638681745,0.12667865
8/24/2019 18:00,3.183730602,3.183730602,3.829932386,3.829932386,2.739337022,2.739337022,2.739337022,0.15640607
8/24/2019 19:00,3.978745222,3.978745222,4.776126081,4.776126081,2.185239001,2.185239001,2.185239001,0.16535635
8/24/2019 20:00,3.856431007,3.856431007,5.009462415,5.009462415,3.031038165,3.031038165,3.031038165,0.12982034
8/24/2019 21:00,3.704253674,4.049738407,3.414145052,4.308204888,3.498911585,3.498911585,3.498911585,0.11741139
8/24/2019 22:00,3.564410686,3.8555336,4.058122419,4.480541491,3.018546223,3.018546223,3.018546223,0.10153529
8/24/2019 23:00,3.435065508,3.37736249,3.163004683,3.685955304,3.109605252,3.109605252,3.109605252,0.09655725
8/25/2019 0:00,2.534885406,2.521664858,2.480744297,2.828980842,3.001295131,3.001295131,3.001295131,0.09328288
8/25/2019 1:00,2.022289753,2.022289753,1.694534288,1.694534288,1.817684552,1.817684552,1.817684552,0.08814985
8/25/2019 2:00,1.087616444,1.087616444,1.02406839,1.02406839,1.191318638,1.191318638,1.191318638,0.08704985
8/25/2019 3:00,0.441220343,0.441220343,0.490355075,0.490355075,0.352190276,0.352190276,0.352190276,0.08644262
8/25/2019 4:00,0.180620015,0.180620015,0.288536331,0.288536331,0.550854027,0.550854027,0.550854027,0.08687104
8/25/2019 5:00,0.115996122,0.094162188,0.070686518,0.068327298,0.280757301,0.280757301,0.280757301,0.0889631
8/25/2019 6:00,0.032770481,0.051717967,0.020063137,0.04653283,0.154723499,0.154723499,0.154723499,0.10950144
8/25/2019 7:00,0.404112369,0.287229717,0.107222112,0.169201007,1.00E-06,1.00E-06,1.00E-06,0.09075545
8/25/2019 8:00,0.699504018,1.079657793,0.644431241,0.673400332,0.555095555,0.555095555,0.555095555,0.08415605
8/25/2019 9:00,1.751942515,1.751942515,1.581847468,1.581847468,0.798367721,0.798367721,0.798367721,0.08011973
8/25/2019 10:00,2.690447807,2.690447807,3.030995338,3.030995338,3.53185161,3.53185161,3.53185161,0.08078638
8/25/2019 11:00,3.525259256,3.525259256,3.782166078,3.782166078,5.405969339,5.405969339,5.405969339,0.08316692
8/25/2019 12:00,4.141889572,4.141889572,4.983335487,4.983335487,3.9255265,3.9255265,3.9255265,0.08760619
8/25/2019 13:00,4.017897606,3.9753263,4.047862787,4.59000446,5.063370025,5.063370025,5.063370025,0.09856034
8/25/2019 14:00,4.148602009,3.888165474,4.230906763,4.438146131,4.725034974,4.725034974,4.725034974,0.10542345
8/25/2019 15:00,3.699239731,3.615247488,3.585468538,3.705463802,4.686101919,4.686101919,4.686101919,0.11202971
8/25/2019 16:00,3.558013916,3.497179985,3.354924786,3.492180914,3.405168805,3.405168805,3.405168805,0.12379355
8/25/2019 17:00,3.585622787,3.585622787,3.189835949,3.189835949,2.970570441,2.970570441,2.970570441,0.1376216
8/25/2019 18:00,3.293232203,3.293232203,3.679706987,3.679706987,3.745738662,3.745738662,3.745738662,0.16114641
8/25/2019 19:00,3.775608063,3.775608063,4.144361575,4.144361575,5.690940998,5.690940998,5.690940998,0.17460965
8/25/2019 20:00,3.970709085,3.970709085,5.100395156,5.100395156,4.679190225,4.679190225,4.679190225,0.14031038
8/25/2019 21:00,4.22332859,4.538581848,4.111910797,4.634775172,5.272945059,5.272945059,5.272945059,0.1267297
8/25/2019 22:00,4.036855221,3.720886946,4.314811836,4.2331782,5.754221467,5.754221467,5.754221467,0.10172548
8/25/2019 23:00,3.117489338,3.138916492,3.21643951,3.831932404,4.991798922,4.991798922,4.991798922,0.0973285
8/26/2019 0:00,2.567810297,2.679232121,2.545985918,3.01141354,4.170425226,4.170425226,4.170425226,0.09641051
8/26/2019 1:00,2.309383869,2.309383869,2.390564816,2.390564816,2.384482557,2.384482557,2.384482557,0.08977366
8/26/2019 2:00,1.408552647,1.408552647,1.541089049,1.541089049,0.545077421,0.545077421,0.545077421,0.08715927
8/26/2019 3:00,0.726059139,0.726059139,0.726676894,0.726676894,0.486343252,0.486343252,0.486343252,0.08508753
8/26/2019 4:00,0.26148501,0.26148501,0.317149745,0.317149745,0.188165084,0.188165084,0.188165084,0.08657489
8/26/2019 5:00,0.040716298,0.128530741,0.023916711,0.112179736,1.00E-06,1.00E-06,1.00E-06,0.09054167
8/26/2019 6:00,0.054822177,0.072287545,0.053799126,0.088149024,0.34563228,0.34563228,0.34563228,0.11035087
8/26/2019 7:00,0.247864366,0.275402844,0.155113325,0.119692114,1.665027635,1.665027635,1.665027635,0.0887867
8/26/2019 8:00,1.457239389,0.922506869,1.028154843,0.509192912,3.00956589,3.00956589,3.00956589,0.07990342
8/26/2019 9:00,2.147364378,2.147364378,1.912864356,1.912864356,2.693284781,2.693284781,2.693284781,0.07739776
8/26/2019 10:00,2.897296906,2.897296906,2.340636116,2.340636116,4.213999554,4.213999554,4.213999554,0.07702646
8/26/2019 11:00,2.854087114,2.854087114,2.459853316,2.459853316,3.702827148,3.702827148,3.702827148,0.08064737
8/26/2019 12:00,3.33027792,3.33027792,3.014570407,3.014570407,2.332573081,2.332573081,2.332573081,0.08821803
8/26/2019 13:00,2.881781816,3.231005907,2.63985084,3.076660643,4.154683689,4.154683689,4.154683689,0.09561031
8/26/2019 14:00,3.281802416,3.326756239,3.522004962,3.658433025,5.559920912,5.559920912,5.559920912,0.10449791
8/26/2019 15:00,3.169028759,3.473613262,3.623054482,4.020174102,4.855671754,4.855671754,4.855671754,0.11710275
8/26/2019 16:00,3.197599173,2.994258642,3.947645322,3.676002862,3.067508949,3.067508949,3.067508949,0.12528643
8/26/2019 17:00,3.232316256,3.232316256,3.012965806,3.012965806,2.399057473,2.399057473,2.399057473,0.12925237
8/26/2019 18:00,3.707917452,3.707917452,3.874709589,3.874709589,3.640228954,3.640228954,3.640228954,0.15692903
8/26/2019 19:00,4.161405563,4.161405563,5.056939983,5.056939983,2.720454112,2.720454112,2.720454112,0.17595786
8/26/2019 20:00,3.990143299,3.990143299,6.253931122,6.253931122,5.560727334,5.560727334,5.560727334,0.14146548
8/26/2019 21:00,4.526467323,4.581518173,5.630297527,5.903211077,3.575634672,3.575634672,3.575634672,0.12428657
8/26/2019 22:00,4.092780113,4.551741123,5.872899863,5.742792999,4.728246445,4.728246445,4.728246445,0.09761717
8/26/2019 23:00,3.734281778,3.944503307,4.30757446,4.590134364,3.029930612,3.029930612,3.029930612,0.09042531
8/27/2019 0:00,3.017843485,2.865174055,3.090286488,3.373874548,3.70241207,3.70241207,3.70241207,0.08295024
8/27/2019 1:00,2.128952265,2.128952265,2.02117944,2.02117944,1.666596913,1.666596913,1.666596913,0.0807373
8/27/2019 2:00,1.023708224,1.023708224,1.330630565,1.330630565,0.800418333,0.800418333,0.800418333,0.07934805
8/27/2019 3:00,0.372576565,0.372576565,0.592283061,0.592283061,0.359880136,0.359880136,0.359880136,0.07899585
8/27/2019 4:00,0.156995192,0.156995192,0.192912257,0.192912257,0.318504749,0.318504749,0.318504749,0.08029036
8/27/2019 5:00,0.031275138,0.067790493,0.019719944,0.024130503,0.02693447,0.02693447,0.02693447,0.08479817
8/27/2019 6:00,0.060433939,0.09943822,0.067149767,0.098622777,1.00E-06,1.00E-06,1.00E-06,0.09331214
8/27/2019 7:00,0.662253141,0.651380777,0.468607123,0.634930319,1.89702972,1.89702972,1.89702972,0.0834278
8/27/2019 8:00,1.816508532,1.723433375,1.649010939,1.458920372,2.277826913,2.277826913,2.277826913,0.07440357
8/27/2019 9:00,2.41974926,2.41974926,1.848200181,1.848200181,0.923011279,0.923011279,0.923011279,0.06920783
8/27/2019 10:00,3.047404051,3.047404051,2.552714913,2.552714913,1.944548142,1.944548142,1.944548142,0.07083651
8/27/2019 11:00,3.113884687,3.113884687,2.545637107,2.545637107,2.835213533,2.835213533,2.835213533,0.07199417
8/27/2019 12:00,3.393025875,3.393025875,3.228149316,3.228149316,4.049948335,4.049948335,4.049948335,0.077619
8/27/2019 13:00,3.339620352,3.680279732,3.087930807,3.161306812,2.902134969,2.902134969,2.902134969,0.08076199
8/27/2019 14:00,3.514758825,3.230444908,3.846183354,3.498603006,1.59620086,1.59620086,1.59620086,0.08460516
8/27/2019 15:00,3.467614889,3.259412527,3.755816728,3.903379016,2.617417464,2.617417464,2.617417464,0.08622795
8/27/2019 16:00,3.126819134,3.186098099,3.254921839,3.371685095,3.632334331,3.632334331,3.632334331,0.09167322
8/27/2019 17:00,3.229824543,3.229824543,2.693773511,2.693773511,1.170801775,1.170801775,1.170801775,0.10344471
8/27/2019 18:00,3.162937641,3.162937641,3.124678639,3.124678639,1.353105678,1.353105678,1.353105678,0.13091719
8/27/2019 19:00,3.553760052,3.553760052,3.88046248,3.88046248,2.776993387,2.776993387,2.776993387,0.13930258
8/27/2019 20:00,4.181426048,4.181426048,4.19618253,4.19618253,4.449207025,4.449207025,4.449207025,0.11689392
8/27/2019 21:00,3.972813129,3.933839798,4.363821293,4.567171974,3.678071362,3.678071362,3.678071362,0.10799828
8/27/2019 22:00,3.866162777,3.788611174,4.528877172,4.668393469,3.67016983,3.67016983,3.67016983,0.08936149
8/27/2019 23:00,3.279922485,3.350453377,3.326925888,3.562137607,3.001851081,3.001851081,3.001851081,0.085865
8/28/2019 0:00,2.949259996,2.921515703,2.641828652,2.746135581,2.77545692,2.77545692,2.77545692,0.08480389
8/28/2019 1:00,1.942966342,1.942966342,1.473662916,1.473662916,2.703423029,2.703423029,2.703423029,0.0818458
8/28/2019 2:00,1.157033443,1.157033443,0.905879388,0.905879388,1.124999362,1.124999362,1.124999362,0.08327805
8/28/2019 3:00,0.412784219,0.412784219,0.425723008,0.425723008,0.351634303,0.351634303,0.351634303,0.07973956
8/28/2019 4:00,0.153286129,0.153286129,0.181786115,0.181786115,0.114180138,0.114180138,0.114180138,0.07950264
8/28/2019 5:00,0.015125787,0.043368675,0.014583972,0.015683872,1.00E-06,1.00E-06,1.00E-06,0.0824626
8/28/2019 6:00,0.043857776,0.059828885,0.044070772,0.04516493,0.047826303,0.047826303,0.047826303,0.09138226
8/28/2019 7:00,0.497490585,0.731495202,0.600166,0.598263803,1.928764498,1.928764498,1.928764498,0.07781475
8/28/2019 8:00,2.064444304,1.990101576,1.659440163,1.756869661,2.066422615,2.066422615,2.066422615,0.06383784
8/28/2019 9:00,1.830398321,1.830398321,1.331559489,1.331559489,1.319102914,1.319102914,1.319102914,0.05769585
8/28/2019 10:00,2.120132208,2.120132208,1.89405462,1.89405462,2.097199714,2.097199714,2.097199714,0.05901475
8/28/2019 11:00,2.30901885,2.30901885,2.304277153,2.304277153,0.857264218,0.857264218,0.857264218,0.06173021
8/28/2019 12:00,2.958425283,2.958425283,2.763408288,2.763408288,0.731645601,0.731645601,0.731645601,0.06710481
8/28/2019 13:00,1.844205022,2.989602089,1.116690265,2.624768695,1.214571004,1.214571004,1.214571004,0.07140331
8/28/2019 14:00,1.749096036,2.703211069,1.975656391,3.363595638,1.259362233,1.259362233,1.259362233,0.07466268
8/28/2019 15:00,2.330931425,2.835637808,2.664869044,3.564415712,4.597468306,4.597468306,4.597468306,0.07967446
8/28/2019 16:00,2.970699549,3.066435575,2.874956495,3.415248529,7.288477777,7.288477777,7.288477777,0.07996909
8/28/2019 17:00,3.39097929,3.39097929,3.289196338,3.289196338,5.845820335,5.845820335,5.845820335,0.09169311
8/28/2019 18:00,2.877471447,2.877471447,2.760083335,2.760083335,3.285249803,3.285249803,3.285249803,0.11814555
8/28/2019 19:00,3.483715773,3.483715773,3.161802186,3.161802186,5.487549556,5.487549556,5.487549556,0.13435634
8/28/2019 20:00,3.866767406,3.866767406,4.021130114,4.021130114,4.765500948,4.765500948,4.765500948,0.11542143
8/28/2019 21:00,4.286664486,3.654318571,4.558580457,4.327640791,4.103364545,4.103364545,4.103364545,0.10620616
8/28/2019 22:00,3.871277332,3.941193819,4.333387086,4.886230063,3.980080615,3.980080615,3.980080615,0.08847108
8/28/2019 23:00,3.587211132,3.526619196,3.667161665,3.450283249,4.768868978,4.768868978,4.768868978,0.08300755
8/29/2019 0:00,2.698083401,2.793086052,2.696898943,2.896934629,2.882661438,2.882661438,2.882661438,0.08555792
8/29/2019 1:00,2.255879879,2.255879879,2.015074342,2.015074342,1.969527028,1.969527028,1.969527028,0.08238928
8/29/2019 2:00,1.150235891,1.150235891,1.168588732,1.168588732,1.12915817,1.12915817,1.12915817,0.08303517
8/29/2019 3:00,0.588795245,0.588795245,0.539795311,0.539795311,0.3845332,0.3845332,0.3845332,0.0825973
8/29/2019 4:00,0.185894132,0.185894132,0.174762585,0.174762585,1.00E-06,1.00E-06,1.00E-06,0.08307652
8/29/2019 5:00,0.208400562,0.056555845,0.044264828,0.03552688,0.059620309,0.059620309,0.059620309,0.08340533
8/29/2019 6:00,0.163516626,0.078547239,0.313964497,0.089980543,0.087834807,0.087834807,0.087834807,0.08558949
8/29/2019 7:00,0.612298608,0.440970838,1.320836028,0.682343822,0.364925054,0.364925054,0.364925054,0.07728411
8/29/2019 8:00,1.488423347,1.492814541,1.983423053,1.589752508,2.240982388,2.240982388,2.240982388,0.06613828
8/29/2019 9:00,1.77291739,1.77291739,1.916798843,1.916798843,2.27646878,2.27646878,2.27646878,0.057726
8/29/2019 10:00,2.024063587,2.024063587,2.350833257,2.350833257,2.03689489,2.03689489,2.03689489,0.05854961
8/29/2019 11:00,2.112061501,2.112061501,2.217159239,2.217159239,1.975452086,1.975452086,1.975452086,0.06169538
8/29/2019 12:00,2.052419424,2.052419424,2.564165126,2.564165126,0.470884669,0.470884669,0.470884669,0.07359018
8/29/2019 13:00,1.142752767,2.57191658,1.583787983,2.615831533,2.37510684,2.37510684,2.37510684,0.07853187
8/29/2019 14:00,2.383325338,3.075345278,1.986875521,3.202668672,3.81760372,3.81760372,3.81760372,0.07991056
8/29/2019 15:00,2.60306716,3.082593441,2.330304845,3.216243206,3.372673739,3.372673739,3.372673739,0.08047909
8/29/2019 16:00,3.152173281,2.960746765,3.329990119,3.746671705,2.278901329,2.278901329,2.278901329,0.08705738
8/29/2019 17:00,2.744710207,2.744710207,2.001090874,2.001090874,1.939039028,1.939039028,1.939039028,0.09504553
8/29/2019 18:00,2.999927521,2.999927521,2.777738728,2.777738728,2.490614277,2.490614277,2.490614277,0.11869596
8/29/2019 19:00,4.02655077,4.02655077,3.248313584,3.248313584,3.624098836,3.624098836,3.624098836,0.12870132
8/29/2019 20:00,3.9537673,3.9537673,4.709266329,4.709266329,4.371186443,4.371186443,4.371186443,0.11255569
8/29/2019 21:00,4.369604588,4.126619339,4.091385702,4.630573207,2.467093525,2.467093525,2.467093525,0.09935992
8/29/2019 22:00,4.266337872,4.201761246,4.702825533,4.790139776,1.854377387,1.854377387,1.854377387,0.08830367
8/29/2019 23:00,3.754656553,3.506080866,3.960136016,4.050819967,1.670195224,1.670195224,1.670195224,0.08655522
8/30/2019 0:00,2.798315525,2.851578236,2.698091006,2.940699352,2.322717528,2.322717528,2.322717528,0.09404629
