,net_load_XGBModel_4 Hours Ahead (kW),tier1_net_load_XGBModel_4 Hours Ahead (kW),tier2_net_load_XGBModel_4 Hours Ahead (kW),bss_p_ch_XGBModel_4 Hours Ahead (kW),bss_en_XGBModel_4 Hours Ahead (kW),opr_net_load_XGBModel_4 Hours Ahead (kW),opr_tier1_load_XGBModel_4 Hours Ahead (kW),opr_tier2_load_XGBModel_4 Hours Ahead (kW),Actual load (kW),energy_prices_dol_kwh
2019-08-02 02:00:00,2.456739034141368,2.456739034141368,0.0,1.6204958485698615,5.6204958485698615,2.5148413785698613,2.5148413785698613,0.0,0.89434553,0.07452089
2019-08-02 03:00:00,2.6209738178586317,2.6209738178586317,0.0,2.3795041514301385,8.0,2.7493041234301385,2.6209738178586313,0.12833030557150726,0.369799972,0.07369973
2019-08-02 04:00:00,0.196708843,0.196708843,0.0,0.0,8.0,1e-06,1e-06,0.0,1e-06,0.07494958
2019-08-02 05:00:00,-3.5931403819999996,-3.5931403819999996,0.0,-4.0,4.0,-3.829547554,-3.829547554,0.0,0.170452446,0.07941389
2019-08-02 06:00:00,-3.5799571749999997,-3.5799571749999997,0.0,-4.0,0.0,-3.806734417,-3.806734417,0.0,0.193265583,0.09540189
2019-08-02 07:00:00,0.515843391,0.515843391,0.0,0.0,0.0,1.015706221,1.015706221,0.0,1.015706221,0.0789874
2019-08-02 08:00:00,2.6209738178586313,2.6209738178586313,0.0,1.4213723809038226,1.4213723809038226,3.113363799903823,2.6209738178586313,0.4923899820451916,1.691991419,0.07373267
2019-08-02 09:00:00,2.6209738178586313,2.6209738178586313,0.0,0.6363903766932961,2.0577627575971187,1.595136876693296,1.595136876693296,0.0,0.9587465,0.0725828
2019-08-02 10:00:00,2.6209738178586313,2.6209738178586313,0.0,0.6060916419564544,2.663854399553573,1.5548421159564545,1.5548421159564545,0.0,0.948750474,0.07358129
2019-08-02 11:00:00,2.6209738178586313,2.6209738178586313,0.0,-0.06955774962249306,2.59429664993108,2.615423496377507,2.615423496377507,0.0,2.684981246,0.07641483
2019-08-02 12:00:00,2.64266102898958,2.6209738178586313,0.021687211130948736,-0.44576501264254764,2.1485316372885324,3.3261079853574524,2.6209738178586313,0.7051341674988212,3.771872998,0.0837149
2019-08-02 13:00:00,3.267779112,2.6209738178586313,0.6468052941413687,-0.1223508936842106,2.0261807436043218,5.34505718331579,2.6209738178586313,2.7240833654571586,5.467408077,0.09011692
2019-08-02 14:00:00,2.6209738178586313,2.6209738178586313,0.0,-0.5210864001488091,1.5050943434555126,3.207207826851191,2.6209738178586313,0.5862340089925597,3.728294227,0.09292034
2019-08-02 15:00:00,4.054270513141368,2.6209738178586313,1.433296695282737,0.6844866980435458,2.1895810414990584,3.9321465020435458,2.6209738178586313,1.3111726841849145,3.247659804,0.09161203
2019-08-02 16:00:00,5.34505718331579,2.6209738178586313,2.7240833654571586,2.1866084961218837,4.376189537620942,5.034529664121884,2.6209738178586313,2.4135558462632525,2.847921168,0.09761836
2019-08-02 17:00:00,3.3174741926842115,2.6209738178586313,0.6965003748255802,0.13546950598338015,4.511659043604322,3.0798761689833802,2.6209738178586313,0.458902351124749,2.944406663,0.11626418
2019-08-02 18:00:00,2.6209738178586313,2.6209738178586313,0.0,-0.911044580148809,3.600614463455513,3.027583168851191,2.6209738178586313,0.4066093509925599,3.938627749,0.12103533
2019-08-02 19:00:00,2.6209738178586313,2.6209738178586313,0.0,-1.6316767822540719,1.968937681201441,5.355135830745928,2.6209738178586313,2.7341620128872965,6.986812613,0.15615279
2019-08-02 20:00:00,2.620973817858631,2.6209738178586313,-4.440892098500626e-16,-1.968937681201441,0.0,3.206468932798559,2.6209738178586313,0.5854951149399277,5.175406614,0.1281284
2019-08-02 21:00:00,4.471745014,2.6209738178586313,1.8507711961413684,0.0,0.0,4.881071194,2.6209738178586313,2.2600973761413683,4.881071194,0.116834
2019-08-02 22:00:00,3.994898081,2.6209738178586313,1.3739242631413688,0.0,0.0,3.423343051,2.6209738178586313,0.8023692331413685,3.423343051,0.09309992
2019-08-02 23:00:00,2.964018822,2.6209738178586313,0.3430450041413686,0.0,0.0,4.744971831,2.6209738178586313,2.1239980131413687,4.744971831,0.08486665
2019-08-03 00:00:00,2.548453569,2.548453569,0.0,0.0,0.0,3.181914223,2.6209738178586313,0.5609404051413689,3.181914223,0.07800997
2019-08-03 01:00:00,2.259811878,2.259811878,0.0,0.0,0.0,2.596233832,2.596233832,0.0,2.596233832,0.07626119
2019-08-03 02:00:00,2.6209738178586313,2.6209738178586313,0.0,1.5377728482722437,1.5377728482722437,3.786476850272244,2.6209738178586313,1.1655030324136129,2.248704002,0.07244677
2019-08-03 03:00:00,2.6209738178586313,2.6209738178586313,0.0,2.3590207335354014,3.8967935818076453,3.8722767595354015,2.6209738178586313,1.2513029416767703,1.513256026,0.07147879
2019-08-03 04:00:00,2.6209738178586313,2.6209738178586313,0.0,2.6887210577459277,6.585514639553573,3.023032417745928,2.6209738178586313,0.40205859988729653,0.33431136,0.07291623
2019-08-03 05:00:00,-2.387881998575894,-2.387881998575894,0.0,-2.5855146395535726,4.0,-1.9416821125535726,-1.9416821125535726,0.0,0.643832527,0.07885921
2019-08-03 06:00:00,-3.7295190569999996,-3.7295190569999996,0.0,-4.0,0.0,-3.963888915,-3.963888915,0.0,0.036111085,0.09046321
2019-08-03 07:00:00,0.319153637,0.319153637,0.0,0.0,0.0,0.152746859,0.152746859,0.0,0.152746859,0.07795832
2019-08-03 08:00:00,2.6209738178586313,2.6209738178586313,0.0,1.7547070903775066,1.7547070903775066,1.7547080903775065,1.7547080903775065,0.0,1e-06,0.07148681
2019-08-03 09:00:00,2.6209738178586313,2.6209738178586313,0.0,2.2537525935354012,4.008459683912908,2.9926265675354013,2.6209738178586313,0.3716527496767701,0.738873974,0.07017779
2019-08-03 10:00:00,2.6209738178586313,2.6209738178586313,0.0,1.195729899851191,5.204189583764099,5.222181565851191,2.6209738178586313,2.6012077479925595,4.026451666,0.07164583
2019-08-03 11:00:00,2.6209738178586313,2.6209738178586313,0.0,0.2526780103775068,5.456867594141606,8.573885534377506,2.6209738178586313,5.952911716518875,8.321207524,0.07562154
2019-08-03 12:00:00,2.6209738178586313,2.6209738178586313,0.0,-0.7916774327803879,4.665190161361219,2.529985087219612,2.529985087219612,0.0,3.32166252,0.08061858
2019-08-03 13:00:00,3.6130305831309473,2.6209738178586313,0.992056765272316,-0.5315131567042659,4.133677004656953,4.793627001295734,2.6209738178586313,2.172653183437103,5.325140158,0.08665837
2019-08-03 14:00:00,2.6209738178586313,2.6209738178586313,0.0,-1.7223345685698614,2.411342436087091,3.222518457430138,2.6209738178586313,0.601544639571507,4.944853026,0.09319115
2019-08-03 15:00:00,2.6209738178586313,2.6209738178586313,0.0,-1.2947060012014404,1.1166364348856508,5.6624167267985595,2.6209738178586313,3.041442908939928,6.957122728,0.09563498
2019-08-03 16:00:00,7.481778431,2.6209738178586313,4.860804613141369,4.0,5.116636434885651,14.91600278,2.6209738178586313,12.295028962141368,10.91600278,0.09229265
2019-08-03 17:00:00,8.807376424858631,2.6209738178586313,6.186402607,2.883363565114349,8.0,9.61507026411435,2.6209738178586313,6.994096446255718,6.731706699,0.09459962
2019-08-03 18:00:00,2.6209738178586313,2.6209738178586313,0.0,-2.64872376120144,5.35127623879856,-0.73847320520144,-0.73847320520144,0.0,1.910250556,0.12146863
2019-08-03 19:00:00,2.6209738178586313,2.6209738178586313,0.0,-2.072601074885651,3.278675163912909,2.972012270114349,2.6209738178586313,0.3510384522557177,5.044613345,0.14731378
2019-08-03 20:00:00,2.6209738178586313,2.6209738178586313,0.0,-2.501678223306704,0.7769969406062049,0.35979553069329606,0.35979553069329606,0.0,2.861473754,0.11970532
2019-08-03 21:00:00,3.9011775714241055,2.6209738178586313,1.2802037535654742,-0.7769969406062049,0.0,4.686703968393795,2.6209738178586313,2.0657301505351637,5.463700909,0.10502055
2019-08-03 22:00:00,4.032216072,2.6209738178586313,1.4112422541413685,0.0,0.0,4.373421749,2.6209738178586313,1.752447931141369,4.373421749,0.08722923
2019-08-03 23:00:00,4.202934742,2.6209738178586313,1.5819609241413688,0.0,0.0,2.781385974,2.6209738178586313,0.16041215614136872,2.781385974,0.08131527
2019-08-04 00:00:00,2.969851017,2.6209738178586313,0.3488771991413686,0.0,0.0,2.777697694,2.6209738178586313,0.15672387614136873,2.777697694,0.0796925
2019-08-04 01:00:00,2.207140207,2.207140207,0.0,0.0,0.0,2.967020251,2.6209738178586313,0.34604643314136885,2.967020251,0.0747383
2019-08-04 02:00:00,1.517176747,1.517176747,0.0,0.0,0.0,1.747127865,1.747127865,0.0,1.747127865,0.0728242
2019-08-04 03:00:00,2.6209738178586313,2.6209738178586313,0.0,1.7200856377459277,1.7200856377459277,2.2606211667459277,2.2606211667459277,0.0,0.540535529,0.07056582
2019-08-04 04:00:00,2.6209738178586313,2.6209738178586313,0.0,2.2441007198511906,3.9641863575971183,2.5931062488511905,2.5931062488511905,0.0,0.349005529,0.07117121
2019-08-04 05:00:00,2.6209738178586313,2.6209738178586313,0.0,2.628614133535401,6.59280049113252,2.8333098045354013,2.6209738178586313,0.21233598667677,0.204695671,0.07280654
2019-08-04 06:00:00,-3.7322774709999997,-3.7322774709999997,0.0,-4.0,2.59280049113252,-3.595150388,-3.595150388,0.0,0.404849612,0.09039498
2019-08-04 07:00:00,-2.3100983165758935,-2.3100983165758935,0.0,-2.59280049113252,0.0,-2.43169002013252,-2.43169002013252,0.0,0.161110471,0.07325255
2019-08-04 08:00:00,2.6209738178586313,2.6209738178586313,0.0,2.4763941682722437,2.4763941682722437,2.476395168272244,2.476395168272244,0.0,1e-06,0.07132984
2019-08-04 09:00:00,2.6209738178586313,2.6209738178586313,0.0,1.8241335766932962,4.30052774496554,2.8401085796932963,2.6209738178586313,0.21913476183466507,1.015975003,0.07026864
2019-08-04 10:00:00,3.420301534706843,2.6209738178586313,0.7993277168482118,0.9492809923229926,5.249808737288532,3.6543954143229924,2.6209738178586313,1.0334215964643612,2.705114422,0.07226515
2019-08-04 11:00:00,4.3254156109999995,2.6209738178586313,1.7044417931413682,0.6451541494736839,5.894962886762216,4.238767931473683,2.6209738178586313,1.617794113615052,3.593613782,0.07675932
2019-08-04 12:00:00,4.073529243,2.6209738178586313,1.452555425141369,0.16613910000000054,6.061101986762217,7.0337480470000004,2.6209738178586313,4.41277422914137,6.867608947,0.07868093
2019-08-04 13:00:00,3.597606659000001,2.6209738178586313,0.9766328411413698,-1.709912450526315,4.351189536235902,3.901390929473685,2.6209738178586313,1.2804171116150536,5.61130338,0.0843555
2019-08-04 14:00:00,2.6209738178586313,2.6209738178586313,0.0,-1.794149255938283,2.5570402802976187,3.520571998061717,2.6209738178586313,0.8995981802030859,5.314721254,0.09115256
2019-08-04 15:00:00,2.6209738178586313,2.6209738178586313,0.0,-1.5290057106751247,1.028034569622494,1.9899560423248754,1.9899560423248754,0.0,3.518961753,0.09280161
2019-08-04 16:00:00,3.395435332999999,2.6209738178586313,0.7744615151413679,-0.21281192210526445,0.8152226475172295,3.845605217894736,2.6209738178586313,1.2246314000361047,4.05841714,0.09010251
2019-08-04 17:00:00,7.534397173,2.6209738178586313,4.913423355141369,4.0,4.8152226475172295,6.507454285,2.6209738178586313,3.8864804671413684,2.507454285,0.0854381
2019-08-04 18:00:00,2.6209738178586313,2.6209738178586313,0.0,-0.81522264751723,3.9999999999999996,1.71873291448277,1.71873291448277,0.0,2.533955562,0.10800036
2019-08-04 19:00:00,2.6209738178586313,2.6209738178586313,0.0,-1.760533742254072,2.2394662577459274,1.0462817357459278,1.0462817357459278,0.0,2.806815478,0.13854124
2019-08-04 20:00:00,2.6209738178586313,2.6209738178586313,0.0,-1.279929320148809,0.9595369375971186,0.840337402851191,0.840337402851191,0.0,2.120266723,0.11687516
2019-08-04 21:00:00,2.9924428142827373,2.6209738178586313,0.371468996424106,-0.9595369375971186,0.0,3.3076225864028816,2.6209738178586313,0.6866487685442504,4.267159524,0.1026113
2019-08-04 22:00:00,3.540718317,2.6209738178586313,0.9197444991413688,0.0,0.0,2.782461784,2.6209738178586313,0.16148796614136884,2.782461784,0.08706787
2019-08-04 23:00:00,3.567360401,2.6209738178586313,0.9463865831413689,0.0,0.0,2.289735056,2.289735056,0.0,2.289735056,0.08003619
2019-08-05 00:00:00,3.019700527,2.6209738178586313,0.39872670914136865,0.0,0.0,2.305472976,2.305472976,0.0,2.305472976,0.07615268
2019-08-05 01:00:00,2.002137899,2.002137899,0.0,0.0,0.0,1.311548141,1.311548141,0.0,1.311548141,0.07423464
2019-08-05 02:00:00,1.18544817,1.18544817,0.0,0.0,0.0,0.362932776,0.362932776,0.0,0.362932776,0.07277233
2019-08-05 03:00:00,2.6209738178586313,2.6209738178586313,0.0,1.8930044219564541,1.8930044219564541,2.363166477956454,2.363166477956454,0.0,0.470162056,0.07244551
2019-08-05 04:00:00,2.6209738178586313,2.6209738178586313,0.0,2.459620354588033,4.352624776544487,2.685584047588033,2.6209738178586313,0.06461022972940178,0.225963693,0.07260926
2019-08-05 05:00:00,-0.29304131171726266,-0.29304131171726266,0.0,-0.352624776544487,4.0,-0.021715584544486966,-0.021715584544486966,0.0,0.330909192,0.07624003
2019-08-05 06:00:00,-3.7299667249999997,-3.7299667249999997,0.0,-4.0,0.0,-3.999999,-3.999999,0.0,1e-06,0.08571308
2019-08-05 07:00:00,0.100323461,0.100323461,0.0,0.0,0.0,0.891173554,0.891173554,0.0,0.891173554,0.07601623
2019-08-05 08:00:00,2.6209738178586313,2.6209738178586313,0.0,1.870412505114349,1.870412505114349,3.570587926114349,2.6209738178586313,0.9496141082557177,1.700175421,0.07290022
2019-08-05 09:00:00,2.6209738178586313,2.6209738178586313,0.0,0.5282391924827698,2.398651697597119,4.892026113482769,2.6209738178586313,2.271052295624138,4.363786921,0.07190959
2019-08-05 10:00:00,3.161213257706842,2.6209738178586313,0.5402394398482109,0.7566960007440446,3.1553476983411635,4.6723173337440445,2.6209738178586313,2.051343515885413,3.915621333,0.07501338
2019-08-05 11:00:00,3.519592524,2.6209738178586313,0.8986187061413689,0.3930847273684215,3.548432425709585,3.2011143943684215,2.6209738178586313,0.5801405765097902,2.808029667,0.07953442
2019-08-05 12:00:00,3.306050301,2.6209738178586313,0.6850764831413687,-0.25809388421052626,3.2903385414990587,4.0400352007894735,2.6209738178586313,1.4190613829308423,4.298129085,0.08657124
2019-08-05 13:00:00,3.326460123,2.6209738178586313,0.7054863051413687,-0.8806738105263157,2.409664730972743,4.493341361473684,2.6209738178586313,1.8723675436150526,5.374015172,0.09387086
2019-08-05 14:00:00,3.178314209,2.6209738178586313,0.5573403911413686,-0.35924033157894764,2.0504243993937954,1.2530628354210525,1.2530628354210525,0.0,1.612303167,0.09770826
2019-08-05 15:00:00,3.128865719,2.6209738178586313,0.507891901141369,-0.18651008631578936,1.863914313078006,3.878064459684211,2.6209738178586313,1.2570906418255796,4.064574546,0.10465915
2019-08-05 16:00:00,3.552275181,2.6209738178586313,0.9313013631413689,0.23770006105263164,2.1016143741306377,3.340635031052632,2.6209738178586313,0.7196612131940006,3.10293497,0.11111678
2019-08-05 17:00:00,3.5682706829999997,2.6209738178586313,0.9472968651413685,0.4104804989473685,2.512094873078006,3.9930389969473685,2.6209738178586313,1.3720651790887373,3.582558498,0.12301188
2019-08-05 18:00:00,2.6209738178586313,2.6209738178586313,0.0,-0.5346230538330197,1.9774718192449865,3.1223908651669805,2.6209738178586313,0.5014170473083492,3.657013919,0.14139145
2019-08-05 19:00:00,2.6209738178586313,2.6209738178586313,0.0,-0.9803172243593354,0.9971545948856511,6.948416272640664,2.6209738178586313,4.327442454782032,7.928733497,0.15705714
2019-08-05 20:00:00,2.6209738178586317,2.6209738178586313,4.440892098500626e-16,-0.9971545948856511,0.0,1.9929183471143488,1.9929183471143488,0.0,2.990072942,0.12575372
2019-08-05 21:00:00,3.487063885,2.6209738178586313,0.8660900671413687,0.0,0.0,8.69189669,2.6209738178586313,6.070922872141368,8.69189669,0.11266645
2019-08-05 22:00:00,3.08922863,2.6209738178586313,0.46825481214136877,0.0,0.0,5.518804942,2.6209738178586313,2.897831124141369,5.518804942,0.09274067
2019-08-05 23:00:00,2.369238853,2.369238853,0.0,0.0,0.0,4.233449192,2.6209738178586313,1.6124753741413689,4.233449192,0.08434845
2019-08-06 00:00:00,1.831399798,1.831399798,0.0,0.0,0.0,3.448343999,2.6209738178586313,0.8273701811413687,3.448343999,0.08287587
2019-08-06 01:00:00,2.003309727,2.003309727,0.0,0.0,0.0,1.432305413,1.432305413,0.0,1.432305413,0.07891733
2019-08-06 02:00:00,2.6209738178586313,2.6209738178586313,0.0,1.8199443114301381,1.8199443114301381,2.3830949484301382,2.3830949484301382,0.0,0.563150637,0.07532671
2019-08-06 03:00:00,2.6209738178586313,2.6209738178586313,0.0,2.4044817293248752,4.224426040755013,2.4626980643248753,2.4626980643248753,0.0,0.058216335,0.07578995
2019-08-06 04:00:00,2.6209738178586313,2.6209738178586313,0.0,2.6083776430090855,6.832803683764098,2.6615985590090854,2.6209738178586313,0.04062474115045411,0.053220916,0.07579816
2019-08-06 05:00:00,-2.672669862575893,-2.672669862575893,0.0,-2.832803683764098,4.0,-1.581747022764098,-1.581747022764098,0.0,1.251056661,0.08018792
2019-08-06 06:00:00,-3.6087241949999997,-3.6087241949999997,0.0,-4.0,0.0,-3.999999,-3.999999,0.0,1e-06,0.09158533
2019-08-06 07:00:00,1.127157807,1.127157807,0.0,0.0,0.0,0.81312208,0.81312208,0.0,0.81312208,0.07775339
2019-08-06 08:00:00,2.6209738178586313,2.6209738178586313,0.0,0.8293040093248751,0.8293040093248751,2.9545155343248752,2.6209738178586313,0.333541716466244,2.125211525,0.07574894
2019-08-06 09:00:00,3.308659941565474,2.6209738178586313,0.6876861237068428,0.641865887963657,1.471169897288532,1.292531612963657,1.292531612963657,0.0,0.650665725,0.07438539
2019-08-06 10:00:00,4.235068321,2.6209738178586313,1.6140945031413687,1.578323715789474,3.049493613078006,5.159219159789474,2.6209738178586313,2.538245341930843,3.580895444,0.07530184
2019-08-06 11:00:00,4.081411361999999,2.6209738178586313,1.4604375441413677,0.9591383684210522,4.008631981499058,3.6647824514210523,2.6209738178586313,1.043808633562421,2.705644083,0.07868717
2019-08-06 12:00:00,3.648449898,2.6209738178586313,1.0274760801413687,0.3092713105263156,4.317903292025374,5.006485729526315,2.6209738178586313,2.385511911667684,4.697214419,0.08427477
2019-08-06 13:00:00,3.2127225399999997,2.6209738178586313,0.5917487221413684,-1.0761534536842108,3.241749838341163,3.444861517315789,2.6209738178586313,0.8238876994571576,4.521014971,0.09171194
2019-08-06 14:00:00,2.7784187790000003,2.6209738178586313,0.15744496114136908,-1.3715711399999995,1.8701786983411637,0.6887188060000007,0.6887188060000007,0.0,2.060289946,0.09660517
2019-08-06 15:00:00,2.6209738178586313,2.6209738178586313,0.0,-1.0815537685698615,0.7886249297713022,3.9572585324301386,2.6209738178586313,1.3362847145715073,5.038812301,0.10303217
2019-08-06 16:00:00,4.8109366971413685,2.6209738178586313,2.1899628792827373,1.6823306917277558,2.470955621499058,3.786724864727756,2.6209738178586313,1.1657510468691248,2.104394173,0.09999447
2019-08-06 17:00:00,3.7109026909999994,2.6209738178586313,1.089928873141368,0.9815620126315787,3.4525176341306367,2.164977346631579,2.164977346631579,0.0,1.183415334,0.12095366
2019-08-06 18:00:00,2.6209738178586313,2.6209738178586313,0.0,-0.4127264106751247,3.039791223455512,0.8184471493248753,0.8184471493248753,0.0,1.23117356,0.13734055
2019-08-06 19:00:00,2.6209738178586313,2.6209738178586313,0.0,-1.8924976727803875,1.1472935506751245,1.0251203012196126,1.0251203012196126,0.0,2.917617974,0.1474976
2019-08-06 20:00:00,2.6209738178586317,2.6209738178586313,4.440892098500626e-16,-1.1472935506751245,0.0,2.8471418923248755,2.6209738178586313,0.2261680744662442,3.994435443,0.12433321
2019-08-06 21:00:00,4.308451653,2.6209738178586313,1.6874778351413684,0.0,0.0,5.766732421,2.6209738178586313,3.145758603141369,5.766732421,0.1110475
2019-08-06 22:00:00,4.34455061,2.6209738178586313,1.7235767921413685,0.0,0.0,2.344129945,2.344129945,0.0,2.344129945,0.09669337
2019-08-06 23:00:00,3.488362789,2.6209738178586313,0.8673889711413687,0.0,0.0,3.135861472,2.6209738178586313,0.514887654141369,3.135861472,0.0893017
2019-08-07 00:00:00,2.704139233,2.6209738178586313,0.08316541514136855,0.0,0.0,2.398451475,2.398451475,0.0,2.398451475,0.08363842
2019-08-07 01:00:00,1.455087662,1.455087662,0.0,0.0,0.0,2.037897693,2.037897693,0.0,2.037897693,0.07982318
2019-08-07 02:00:00,2.6209738178586313,2.6209738178586313,0.0,1.8027001851143487,1.8027001851143487,2.5327713251143487,2.5327713251143487,0.0,0.73007114,0.07906292
2019-08-07 03:00:00,-1.4718133578586312,-1.4718133578586312,0.0,-1.8027001851143487,0.0,-1.4586493531143487,-1.4586493531143487,0.0,0.344050832,0.0794891
2019-08-07 04:00:00,2.6209738178586313,2.6209738178586313,0.0,2.591549809324875,2.591549809324875,3.560930867324875,2.6209738178586313,0.9399570494662437,0.969381058,0.07854103
2019-08-07 05:00:00,2.1543892281413686,2.1543892281413686,0.0,1.4084501906751248,4.0,1.4084511906751247,1.4084511906751247,0.0,1e-06,0.07864711
2019-08-07 06:00:00,-3.555868211,-3.555868211,0.0,-4.0,0.0,-3.998640862,-3.998640862,0.0,0.001359138,0.08174882
2019-08-07 07:00:00,0.453560412,0.453560412,0.0,0.0,0.0,0.817326194,0.817326194,0.0,0.817326194,0.07234855
2019-08-07 08:00:00,2.6209738178586313,2.6209738178586313,0.0,1.1097483809038224,1.1097483809038224,1.8207309919038224,1.8207309919038224,0.0,0.710982611,0.06728153
2019-08-07 09:00:00,2.6209738178586313,2.6209738178586313,0.0,1.1695590693248752,2.2793074502286976,1.8215566253248752,1.8215566253248752,0.0,0.651997556,0.06378
2019-08-07 10:00:00,2.6209738178586313,2.6209738178586313,0.0,0.21204370406171735,2.491351154290415,1.6512264850617173,1.6512264850617173,0.0,1.439182781,0.06755672
2019-08-07 11:00:00,2.6209738178586313,2.6209738178586313,0.0,0.13764656721961188,2.628997721510027,2.5766355342196117,2.5766355342196117,0.0,2.438988967,0.07101
2019-08-07 12:00:00,2.6209738178586313,2.6209738178586313,0.0,-0.45826084541196677,2.17073687609806,2.349728233588033,2.349728233588033,0.0,2.807989079,0.07214892
2019-08-07 13:00:00,2.6209738178586313,2.6209738178586313,0.0,-0.24711710120144081,1.9236197748966193,5.06002095079856,2.6209738178586313,2.4390471329399284,5.307138052,0.07704599
2019-08-07 14:00:00,2.908329793272317,2.6209738178586313,0.2873559754136856,-0.5557819955028243,1.367837779393795,1.4787136144971758,1.4787136144971758,0.0,2.03449561,0.07943323
2019-08-07 15:00:00,2.672327042,2.6209738178586313,0.05135322414136878,-0.4618090073684211,0.9060287720253739,3.239770325631579,2.6209738178586313,0.6187965077729478,3.701579333,0.08336551
2019-08-07 16:00:00,3.7407340999999996,2.6209738178586313,1.1197602821413684,0.9970243347368419,1.9030531067622158,4.557258522736841,2.6209738178586313,1.9362847048782101,3.560234188,0.08781668
2019-08-07 17:00:00,3.6206028460000006,2.6209738178586313,0.9996290281413693,0.38193903473684276,2.2849921414990586,2.6318925647368427,2.6209738178586313,0.010918746878211483,2.24995353,0.09564466
2019-08-07 18:00:00,2.6209738178586313,2.6209738178586313,0.0,-0.05405602541196686,2.2309361160870917,2.9456175335880332,2.6209738178586313,0.324643715729402,2.999673559,0.1127301
2019-08-07 19:00:00,2.6209738178586313,2.6209738178586313,0.0,-1.1786950338330193,1.0522410822540724,2.2423125771669805,2.2423125771669805,0.0,3.421007611,0.12558801
2019-08-07 20:00:00,2.6209738178586313,2.6209738178586313,0.0,-1.0522410822540724,0.0,2.6109262547459275,2.6109262547459275,0.0,3.663167337,0.10939948
2019-08-07 21:00:00,4.087418556,2.6209738178586313,1.466444738141369,0.0,0.0,4.229892727,2.6209738178586313,1.608918909141369,4.229892727,0.10882758
2019-08-07 22:00:00,3.831624031,2.6209738178586313,1.2106502131413688,0.0,0.0,4.108985615,2.6209738178586313,1.4880117971413687,4.108985615,0.09817839
2019-08-07 23:00:00,3.485843897,2.6209738178586313,0.8648700791413688,0.0,0.0,3.748085386,2.6209738178586313,1.1271115681413688,3.748085386,0.09115752
2019-08-08 00:00:00,2.715790033,2.6209738178586313,0.09481621514136895,0.0,0.0,4.621504111,2.6209738178586313,2.000530293141369,4.621504111,0.08133213
2019-08-08 01:00:00,3.026036739,2.6209738178586313,0.40506292114136855,0.0,0.0,2.02128961,2.02128961,0.0,2.02128961,0.08021448
2019-08-08 02:00:00,2.6209738178586313,2.6209738178586313,0.0,0.9779679072196119,0.9779679072196119,1.548692656219612,1.548692656219612,0.0,0.570724749,0.07736123
2019-08-08 03:00:00,2.6209738178586313,2.6209738178586313,0.0,2.183465824061717,3.161433731281329,2.6120840450617173,2.6120840450617173,0.0,0.428618221,0.07730965
2019-08-08 04:00:00,2.6209738178586313,2.6209738178586313,0.0,2.358259738798559,5.519693470079888,2.6045742947985593,2.6045742947985593,0.0,0.246314556,0.07914825
2019-08-08 05:00:00,-1.4163979555758937,-1.4163979555758937,0.0,-1.519693470079888,4.0,-1.5196924700798882,-1.5196924700798882,0.0,1e-06,0.08165762
2019-08-08 06:00:00,-3.7630996249999997,-3.7630996249999997,0.0,-4.0,0.0,-3.999345337,-3.999345337,0.0,0.000654663,0.08503601
2019-08-08 07:00:00,0.311891168,0.311891168,0.0,0.0,0.0,0.734691417,0.734691417,0.0,0.734691417,0.07209902
2019-08-08 08:00:00,2.6209738178586313,2.6209738178586313,0.0,1.246342274588033,1.246342274588033,2.877694632588033,2.6209738178586313,0.2567208147294018,1.631352358,0.06234752
2019-08-08 09:00:00,2.6209738178586313,2.6209738178586313,0.0,0.7031031577459279,1.949445432333961,3.237209878745928,2.6209738178586313,0.6162360608872968,2.534106721,0.0598035
2019-08-08 10:00:00,2.6209738178586313,2.6209738178586313,0.0,0.8081413493248752,2.757586781658836,3.0942932603248754,2.6209738178586313,0.47331944246624413,2.286151911,0.06435634
2019-08-08 11:00:00,2.6209738178586313,2.6209738178586313,0.0,0.3799172366932959,3.137504018352132,5.552927494693296,2.6209738178586313,2.9319536768346643,5.173010258,0.07165024
2019-08-08 12:00:00,2.6209738178586313,2.6209738178586313,0.0,-0.11039333172775612,3.027110686624376,3.467296753272244,2.6209738178586313,0.8463229354136126,3.577690085,0.07483451
2019-08-08 13:00:00,2.6209738178586313,2.6209738178586313,0.0,-0.7792104001488087,2.2479002864755673,1.8802402948511912,1.8802402948511912,0.0,2.659450695,0.07835648
2019-08-08 14:00:00,2.6209738178586313,2.6209738178586313,0.0,-0.8156106422540721,1.4322896442214952,1.8352130547459278,1.8352130547459278,0.0,2.650823697,0.07909498
2019-08-08 15:00:00,3.096478181413685,2.6209738178586313,0.47550436355505354,-0.35633066482770026,1.075958979393795,4.2438726101723,2.6209738178586313,1.6228987923136686,4.600203275,0.08031333
2019-08-08 16:00:00,6.420973817858631,2.6209738178586313,3.7999999999999994,3.6215928145880327,4.697551793981828,6.436725874588033,2.6209738178586313,3.815752056729402,2.81513306,0.0908897
2019-08-08 17:00:00,2.6209738178586313,2.6209738178586313,0.0,-0.09654096120144029,4.601010832780387,2.51163920179856,2.51163920179856,0.0,2.608180163,0.09811034
2019-08-08 18:00:00,2.6209738178586313,2.6209738178586313,0.0,-0.6010108327803878,3.9999999999999996,1.8297693312196124,1.8297693312196124,0.0,2.430780164,0.11236173
2019-08-08 19:00:00,2.6209738178586313,2.6209738178586313,0.0,-1.0114918338330194,2.98850816616698,3.3151140801669805,2.6209738178586313,0.6941402623083492,4.326605914,0.14475507
2019-08-08 20:00:00,2.6209738178586313,2.6209738178586313,0.0,-1.3313614769909146,1.6571466891760656,1.4111134430090853,1.4111134430090853,0.0,2.74247492,0.11151258
2019-08-08 21:00:00,2.6209738178586313,2.6209738178586313,0.0,-1.3327706569909141,0.32437603218515143,2.2658688740090858,2.2658688740090858,0.0,3.598639531,0.11000255
2019-08-08 22:00:00,3.407262777424106,2.6209738178586313,0.786288959565475,-0.32437603218515143,0.0,2.8304725518148484,2.6209738178586313,0.2094987339562171,3.154848584,0.100403
2019-08-08 23:00:00,3.449334621,2.6209738178586313,0.828360803141369,0.0,0.0,2.790945332,2.6209738178586313,0.1699715141413689,2.790945332,0.08557173
2019-08-09 00:00:00,2.71827507,2.6209738178586313,0.09730125214136853,0.0,0.0,1.649613112,1.649613112,0.0,1.649613112,0.08297787
2019-08-09 01:00:00,1.370854139,1.370854139,0.0,0.0,0.0,2.861589224,2.6209738178586313,0.24061540614136856,2.861589224,0.077628
2019-08-09 02:00:00,2.6209738178586313,2.6209738178586313,0.0,2.1916829209038227,2.1916829209038227,3.1665395319038225,2.6209738178586313,0.5455657140451913,0.974856611,0.07615027
2019-08-09 03:00:00,2.6209738178586313,2.6209738178586313,0.0,2.533707061956454,4.725389982860277,3.009646840956454,2.6209738178586313,0.3886730230978226,0.475939779,0.0744872
2019-08-09 04:00:00,2.6209738178586313,2.6209738178586313,0.0,2.60400815248277,7.329398135343046,3.56269979248277,2.6209738178586313,0.9417259746241387,0.95869164,0.07744941
2019-08-09 05:00:00,0.8612668194241059,0.8612668194241059,0.0,0.6706018646569536,8.0,0.7560303926569536,0.7560303926569536,0.0,0.085428528,0.08443546
2019-08-09 06:00:00,-3.7028905109999997,-3.7028905109999997,0.0,-4.0,4.0,-3.999999,-3.999999,0.0,1e-06,0.10191901
2019-08-09 07:00:00,-3.2264909029999997,-3.2264909029999997,0.0,-4.0,0.0,-3.35999361,-3.35999361,0.0,0.64000639,0.09042151
2019-08-09 08:00:00,2.6209738178586313,2.6209738178586313,0.0,1.4716627640617173,1.4716627640617173,2.308133016061717,2.308133016061717,0.0,0.836470252,0.07869808
2019-08-09 09:00:00,2.6209738178586313,2.6209738178586313,0.0,0.950491294588033,2.4221540586497503,2.591581517588033,2.591581517588033,0.0,1.641090223,0.07842061
2019-08-09 10:00:00,2.6209738178586313,2.6209738178586313,0.0,0.22972909248277018,2.6518831511325205,2.1039292074827705,2.1039292074827705,0.0,1.874200115,0.07944372
2019-08-09 11:00:00,2.888965653848212,2.6209738178586313,0.26799183598958054,-0.24192353384398801,2.4099596172885325,3.357937517156012,2.6209738178586313,0.7369636992973807,3.599861051,0.08094442
2019-08-09 12:00:00,3.36062789,2.6209738178586313,0.7396540721413687,-0.11831534526315801,2.2916442720253745,3.534489434736842,2.6209738178586313,0.9135156168782106,3.65280478,0.08568852
2019-08-09 13:00:00,2.99637413,2.6209738178586313,0.3754003121413687,-0.39852995684210546,1.893114315183269,1.5546080691578945,1.5546080691578945,0.0,1.953138026,0.0941866
2019-08-09 14:00:00,3.392848969,2.6209738178586313,0.7718751511413688,0.09312730105263167,1.9862416162359007,2.1969225240526318,2.1969225240526318,0.0,2.103795223,0.09475648
2019-08-09 15:00:00,6.4209738178586315,2.6209738178586313,3.8000000000000003,3.2214167661669806,5.207658382402881,7.973784407166981,2.6209738178586313,5.3528105893083495,4.752367641,0.09557718
2019-08-09 16:00:00,3.3046326640000006,2.6209738178586313,0.6836588461413693,0.3244826673684216,5.532141049771303,4.347908640368422,2.6209738178586313,1.7269348225097905,4.023425973,0.10773201
2019-08-09 17:00:00,2.6209738178586313,2.6209738178586313,0.0,-0.8125001590961776,4.719640890675125,1.4439091789038225,1.4439091789038225,0.0,2.256409338,0.12279759
2019-08-09 18:00:00,2.6209738178586313,2.6209738178586313,0.0,-0.7196408906751248,4.0,2.558605138324875,2.558605138324875,0.0,3.278246029,0.14389342
2019-08-09 19:00:00,2.6209738178586313,2.6209738178586313,0.0,-1.6279147885698615,2.3720852114301385,1.6822926594301384,1.6822926594301384,0.0,3.310207448,0.17436182
2019-08-09 20:00:00,2.6209738178586313,2.6209738178586313,0.0,-1.356725449622493,1.0153597618076455,4.367550238377507,2.6209738178586313,1.7465764205188754,5.724275688,0.14162283
2019-08-09 21:00:00,3.182569233282737,2.6209738178586313,0.5615954154241058,-1.0153597618076455,0.0,3.7940539651923544,2.6209738178586313,1.1730801473337231,4.809413727,0.13040742
2019-08-09 22:00:00,3.883664846,2.6209738178586313,1.2626910281413686,0.0,0.0,4.150320688,2.6209738178586313,1.5293468701413686,4.150320688,0.1065509
2019-08-09 23:00:00,3.180599213,2.6209738178586313,0.5596253951413686,0.0,0.0,3.489114277,2.6209738178586313,0.8681404591413688,3.489114277,0.09145827
2019-08-10 00:00:00,2.533759117,2.533759117,0.0,0.0,0.0,1.750330725,1.750330725,0.0,1.750330725,0.07966864
2019-08-10 01:00:00,1.570355296,1.570355296,0.0,0.0,0.0,1.081069115,1.081069115,0.0,1.081069115,0.07546053
2019-08-10 02:00:00,2.6209738178586313,2.6209738178586313,0.0,2.091472831430138,2.091472831430138,3.064032663430138,2.6209738178586313,0.44305884557150677,0.972559832,0.07484329
2019-08-10 03:00:00,2.6209738178586313,2.6209738178586313,0.0,2.4414932651143486,4.532966096544486,3.3191709571143484,2.6209738178586313,0.6981971392557171,0.877677692,0.07256275
2019-08-10 04:00:00,2.6209738178586313,2.6209738178586313,0.0,2.4355539440617173,6.968520040606204,3.0398899980617173,2.6209738178586313,0.4189161802030861,0.604336054,0.07510942
2019-08-10 05:00:00,1.0587115044241067,1.0587115044241067,0.0,1.0314799593937964,8.0,1.3881661813937964,1.3881661813937964,0.0,0.356686222,0.07847568
2019-08-10 06:00:00,-3.732226136,-3.732226136,0.0,-4.0,4.0,-3.999999,-3.999999,0.0,1e-06,0.10179915
2019-08-10 07:00:00,-3.28867172,-3.28867172,0.0,-4.0,0.0,-3.740493916,-3.740493916,0.0,0.259506084,0.08550319
2019-08-10 08:00:00,1.026062965,1.026062965,0.0,0.0,0.0,0.121694832,0.121694832,0.0,0.121694832,0.07535933
2019-08-10 09:00:00,2.6209738178586313,2.6209738178586313,0.0,1.5878909430090857,1.5878909430090857,2.3726123880090855,2.3726123880090855,0.0,0.784721445,0.07533959
2019-08-10 10:00:00,2.6209738178586313,2.6209738178586313,0.0,0.8644072556406646,2.4522981986497503,4.853347444640665,2.6209738178586313,2.2323736267820338,3.988940189,0.07470027
2019-08-10 11:00:00,4.314765728706843,2.6209738178586313,1.6937919108482116,1.573331018638782,4.025629217288532,5.899151713638782,2.6209738178586313,3.2781778957801504,4.325820695,0.07344039
2019-08-10 12:00:00,3.200641632,2.6209738178586313,0.5796678141413687,-0.09251845473684206,3.9331107625516903,4.429039211263158,2.6209738178586313,1.8080653934045263,4.521557666,0.07693893
2019-08-10 13:00:00,3.2216687200000003,2.6209738178586313,0.600694902141369,-1.2559700010526318,2.6771407614990586,2.2104882499473684,2.2104882499473684,0.0,3.466458251,0.079644
2019-08-10 14:00:00,3.710968494,2.6209738178586313,1.0899946761413686,-0.28729087473684256,2.389849886762216,2.6591548162631575,2.6209738178586313,0.03818099840452627,2.946445691,0.08630967
2019-08-10 15:00:00,3.773325443,2.6209738178586313,1.1523516251413688,0.6028250642105264,2.9926749509727424,4.252179862210527,2.6209738178586313,1.6312060443518956,3.649354798,0.09359205
2019-08-10 16:00:00,6.420973817858631,2.6209738178586313,3.7999999999999994,3.367689576693296,6.3603645276660385,7.553343271693296,2.6209738178586313,4.932369453834665,4.185653695,0.09552746
2019-08-10 17:00:00,2.6209738178586313,2.6209738178586313,0.0,-1.1473628169909142,5.213001710675124,2.304585740009086,2.304585740009086,0.0,3.451948557,0.10877758
2019-08-10 18:00:00,2.6209738178586313,2.6209738178586313,0.0,-1.2130017106751247,3.9999999999999996,0.5115692923248754,0.5115692923248754,0.0,1.724571003,0.12397215
2019-08-10 19:00:00,2.6209738178586313,2.6209738178586313,0.0,-1.4674314780435456,2.532568521956454,1.6510362679564543,1.6510362679564543,0.0,3.118467746,0.16031493
2019-08-10 20:00:00,2.6209738178586313,2.6209738178586313,0.0,-1.9020740685698616,0.6304944533865924,2.4336065974301384,2.4336065974301384,0.0,4.335680666,0.13067143
2019-08-10 21:00:00,3.419468131282737,2.6209738178586313,0.7984943134241056,-0.6304944533865924,0.0,5.377948545613407,2.6209738178586313,2.7569747277547756,6.008442999,0.12178427
2019-08-10 22:00:00,3.865267038,2.6209738178586313,1.2442932201413686,0.0,0.0,7.146833896,2.6209738178586313,4.525860078141369,7.146833896,0.09529831
2019-08-10 23:00:00,3.638067961,2.6209738178586313,1.0170941431413687,0.0,0.0,4.016927301,2.6209738178586313,1.3959534831413687,4.016927301,0.08763845
2019-08-11 00:00:00,2.470691681,2.470691681,0.0,0.0,0.0,3.82527392,2.6209738178586313,1.2043001021413686,3.82527392,0.08681991
2019-08-11 01:00:00,2.5644173062827376,2.5644173062827376,0.0,0.3273406192449868,0.3273406192449868,2.881178847244987,2.6209738178586313,0.2602050293863556,2.553838228,0.08110783
2019-08-11 02:00:00,2.6209738178586313,2.6209738178586313,0.0,1.5824176051143488,1.9097582243593356,2.514702492114349,2.514702492114349,0.0,0.932284887,0.0800544
2019-08-11 03:00:00,2.6209738178586313,2.6209738178586313,0.0,2.0902417756406644,4.0,3.7938827476406645,2.6209738178586313,1.1729089297820332,1.703640972,0.07961633
2019-08-11 04:00:00,2.6209738178586313,2.6209738178586313,0.0,2.3735519061669805,6.3735519061669805,2.6198782921669803,2.6198782921669803,0.0,0.246326386,0.08126676
2019-08-11 05:00:00,-2.1971595798586314,-2.1971595798586314,0.0,-2.3735519061669805,4.0,-2.1015545471669803,-2.1015545471669803,0.0,0.271997359,0.08591931
2019-08-11 06:00:00,-3.73316,-3.73316,0.0,-4.0,0.0,-3.911579253,-3.911579253,0.0,0.088420747,0.09881938
2019-08-11 07:00:00,0.100047126,0.100047126,0.0,0.0,0.0,1e-06,1e-06,0.0,1e-06,0.08258671
2019-08-11 08:00:00,0.358207881,0.358207881,0.0,0.0,0.0,0.457552307,0.457552307,0.0,0.457552307,0.07617642
2019-08-11 09:00:00,2.6209738178586313,2.6209738178586313,0.0,1.7115689503775067,1.7115689503775067,3.087656536377507,2.6209738178586313,0.46668271851887555,1.376087586,0.073973
2019-08-11 10:00:00,2.6209738178586313,2.6209738178586313,0.0,0.06267320932487541,1.774242159702382,2.5759725673248752,2.5759725673248752,0.0,2.513299358,0.07512364
2019-08-11 11:00:00,5.909247555706843,2.6209738178586313,3.2882737378482116,2.4536814586387816,4.227923618341164,6.939961629638781,2.6209738178586313,4.318987811780151,4.486280171,0.07386924
2019-08-11 12:00:00,4.25565815,2.6209738178586313,1.634684332141369,1.1471366884210532,5.375060306762217,6.408729076421054,2.6209738178586313,3.7877552585624223,5.261592388,0.0767971
2019-08-11 13:00:00,3.487863302,2.6209738178586313,0.8668894841413688,-0.9185913989473686,4.456468907814848,5.702928483052632,2.6209738178586313,3.0819546651940004,6.621519882,0.07917784
2019-08-11 14:00:00,3.824556828,2.6209738178586313,1.2035830101413687,-0.5563038273684211,3.900165080446427,5.66842528363158,2.6209738178586313,3.0474514657729483,6.224729111,0.08349327
2019-08-11 15:00:00,2.6209738178586313,2.6209738178586313,0.0,-1.7207203496224937,2.1794447308239335,4.095924011377506,2.6209738178586313,1.474950193518875,5.816644361,0.09163961
2019-08-11 16:00:00,7.180429983,2.6209738178586313,4.559456165141368,3.886912295789474,6.0663570266134075,7.691574292789474,2.6209738178586313,5.070600474930842,3.804661997,0.08878398
2019-08-11 17:00:00,3.411605795141368,2.6209738178586313,0.7906319772827368,-0.43468529774592835,5.631671728867479,2.6123244002540718,2.6123244002540718,0.0,3.047009698,0.09815014
2019-08-11 18:00:00,5.359859943,2.6209738178586313,2.7388861251413688,2.083610484210527,7.715282213078006,5.728909820210527,2.6209738178586313,3.1079360023518956,3.645299336,0.11359775
2019-08-11 19:00:00,2.6209738178586313,2.6209738178586313,0.0,-1.9426815212014406,5.7726006918765655,2.0498311977985595,2.0498311977985595,0.0,3.992512719,0.13793053
2019-08-11 20:00:00,2.6209738178586313,2.6209738178586313,0.0,-2.889562665411967,2.8830380264645985,1.2038803865880325,1.2038803865880325,0.0,4.093443052,0.12775081
2019-08-11 21:00:00,2.6209738178586317,2.6209738178586313,4.440892098500626e-16,-2.8830380264645985,0.0,0.5433809665354015,0.5433809665354015,0.0,3.426418993,0.11526848
2019-08-11 22:00:00,5.178290844,2.6209738178586313,2.557317026141369,0.0,0.0,4.073227642,2.6209738178586313,1.4522538241413687,4.073227642,0.10015874
2019-08-11 23:00:00,4.42304945,2.6209738178586313,1.8020756321413685,0.0,0.0,4.179944112,2.6209738178586313,1.558970294141369,4.179944112,0.0908135
2019-08-12 00:00:00,3.908334255,2.6209738178586313,1.287360437141369,0.0,0.0,2.773579529,2.6209738178586313,0.15260571114136878,2.773579529,0.08583588
2019-08-12 01:00:00,2.037654877,2.037654877,0.0,0.0,0.0,1.532664279,1.532664279,0.0,1.532664279,0.07968548
2019-08-12 02:00:00,1.446504235,1.446504235,0.0,0.0,0.0,0.564575246,0.564575246,0.0,0.564575246,0.07855536
2019-08-12 03:00:00,2.6209738178586313,2.6209738178586313,0.0,1.8916611840617172,1.8916611840617172,2.4407957100617175,2.4407957100617175,0.0,0.549134526,0.07798056
2019-08-12 04:00:00,2.6209738178586313,2.6209738178586313,0.0,2.4302698356406647,4.321931019702382,2.5589820006406647,2.5589820006406647,0.0,0.128712165,0.07813532
2019-08-12 05:00:00,-0.274816431717263,-0.274816431717263,0.0,-0.32193101970238214,4.0,0.11386759029761784,0.11386759029761784,0.0,0.43579861,0.08139237
2019-08-12 06:00:00,-3.75477128,-3.75477128,0.0,-4.0,0.0,-3.999999,-3.999999,0.0,1e-06,0.09679649
2019-08-12 07:00:00,0.217613548,0.217613548,0.0,0.0,0.0,1.120912415,1.120912415,0.0,1.120912415,0.07903251
2019-08-12 08:00:00,1.295387506,1.295387506,0.0,0.0,0.0,1.079631914,1.079631914,0.0,1.079631914,0.07716203
2019-08-12 09:00:00,2.6209738178586313,2.6209738178586313,0.0,1.0955821756406645,1.0955821756406645,2.7811346476406644,2.6209738178586313,0.16016082978203317,1.685552472,0.0746559
2019-08-12 10:00:00,2.6209738178586313,2.6209738178586313,0.0,0.42017986090382253,1.515762036544487,2.6156417699038226,2.6156417699038226,0.0,2.195461909,0.07602274
2019-08-12 11:00:00,2.6209738178586313,2.6209738178586313,0.0,-0.410374096990914,1.105387939553573,1.139994041009086,1.139994041009086,0.0,1.550368138,0.07443228
2019-08-12 12:00:00,3.069385216848211,2.6209738178586313,0.4484113989895797,-0.10813469805451481,0.9972532414990583,1.857142628945485,1.857142628945485,0.0,1.965277327,0.08033201
2019-08-12 13:00:00,3.07018137,2.6209738178586313,0.44920755214136854,0.45648047789473667,1.453733719393795,1.6753516938947366,1.6753516938947366,0.0,1.218871216,0.08472022
2019-08-12 14:00:00,3.302530527,2.6209738178586313,0.6815567091413688,0.48963973368421065,1.9433734530780056,6.52792531768421,2.6209738178586313,3.906951499825579,6.038285584,0.08848088
2019-08-12 15:00:00,2.6209738178586313,2.6209738178586313,0.0,-0.7530952833067035,1.190278169771302,2.2873656366932966,2.2873656366932966,0.0,3.04046092,0.09453562
2019-08-12 16:00:00,6.870181369999999,2.6209738178586313,4.2492075521413675,4.0,5.190278169771302,6.703229695,2.6209738178586313,4.082255877141369,2.703229695,0.09301206
2019-08-12 17:00:00,4.177036046,2.6209738178586313,1.5560622281413683,0.9205321252631578,6.11081029503446,2.982051785263158,2.6209738178586313,0.3610779674045266,2.06151966,0.10310201
2019-08-12 18:00:00,2.6209738178586313,2.6209738178586313,0.0,-0.7662404285698612,5.344569866464599,3.564114704430139,2.6209738178586313,0.9431408865715079,4.330355133,0.12627936
2019-08-12 19:00:00,2.6032516622827364,2.6032516622827364,0.0,-0.8986526133865933,4.445917253078005,4.850712871613407,2.6209738178586313,2.2297390537547757,5.749365485,0.15547173
2019-08-12 20:00:00,2.6209738178586313,2.6209738178586313,0.0,-1.3445698664645986,3.1013473866134067,1.5156908865354013,1.5156908865354013,0.0,2.860260753,0.13083221
2019-08-12 21:00:00,2.6209738178586313,2.6209738178586313,0.0,-1.5084871569909142,1.5928602296224925,2.9139506200090857,2.6209738178586313,0.2929768021504544,4.422437777,0.11624819
2019-08-12 22:00:00,2.6209738178586317,2.6209738178586313,4.440892098500626e-16,-1.5928602296224925,0.0,1.7528358813775076,1.7528358813775076,0.0,3.345696111,0.106
2019-08-12 23:00:00,3.214010239,2.6209738178586313,0.5930364211413686,0.0,0.0,3.82202267,2.6209738178586313,1.2010488521413687,3.82202267,0.08980594
2019-08-13 00:00:00,2.445013762,2.445013762,0.0,0.0,0.0,2.191278852,2.191278852,0.0,2.191278852,0.09099242
2019-08-13 01:00:00,1.546060085,1.546060085,0.0,0.0,0.0,1.267565937,1.267565937,0.0,1.267565937,0.08526142
2019-08-13 02:00:00,2.6209738178586313,2.6209738178586313,0.0,1.8854124840617172,1.8854124840617172,2.292145426061717,2.292145426061717,0.0,0.406732942,0.08469073
2019-08-13 03:00:00,2.6209738178586313,2.6209738178586313,0.0,2.3843169756406644,4.269729459702382,2.8142105586406645,2.6209738178586313,0.19323674078203323,0.429893583,0.08500034
2019-08-13 04:00:00,2.6209738178586313,2.6209738178586313,0.0,2.632370607219612,6.902100066921994,3.102970160219612,2.6209738178586313,0.48199634236098055,0.470599553,0.08497503
2019-08-13 05:00:00,-2.649923455575894,-2.649923455575894,0.0,-2.902100066921994,4.0,-2.796358458921994,-2.796358458921994,0.0,0.105741608,0.08938114
2019-08-13 06:00:00,-3.7648256079999998,-3.7648256079999998,0.0,-4.0,0.0,-3.999999,-3.999999,0.0,1e-06,0.09880303
2019-08-13 07:00:00,0.511852205,0.511852205,0.0,0.0,0.0,0.788822029,0.788822029,0.0,0.788822029,0.08623856
2019-08-13 08:00:00,1.2923311,1.2923311,0.0,0.0,0.0,1.632645169,1.632645169,0.0,1.632645169,0.07932686
2019-08-13 09:00:00,2.6209738178586313,2.6209738178586313,0.0,0.843109825114349,0.843109825114349,1.403482409114349,1.403482409114349,0.0,0.560372584,0.07880744
2019-08-13 10:00:00,2.6209738178586313,2.6209738178586313,0.0,0.3875764966932964,1.2306863218076454,1.0155799106932966,1.0155799106932966,0.0,0.628003414,0.07604575
2019-08-13 11:00:00,2.6209738178586313,2.6209738178586313,0.0,0.21125290721961232,1.4419392290272577,3.9275609662196125,2.6209738178586313,1.3065871483609812,3.716308059,0.07518536
2019-08-13 12:00:00,2.987556027848211,2.6209738178586313,0.3665822099895797,0.07128645141916934,1.513225680446427,2.121307528419169,2.121307528419169,0.0,2.050021077,0.08525661
2019-08-13 13:00:00,2.6209738178586313,2.6209738178586313,0.0,-0.1157198538330193,1.3975058266134077,2.8081574221669805,2.6209738178586313,0.18718360430834924,2.923877276,0.0883082
2019-08-13 14:00:00,3.4254212461413682,2.6209738178586313,0.804447428282737,0.3364091254119663,1.733914952025374,2.6696411824119664,2.6209738178586313,0.04866736455333509,2.333232057,0.08768575
2019-08-13 15:00:00,3.518042564,2.6209738178586313,0.8970687461413687,0.0571547052631578,1.7910696572885318,1.4272548982631579,1.4272548982631579,0.0,1.370100193,0.09759049
2019-08-13 16:00:00,3.9489023690000002,2.6209738178586313,1.327928551141369,0.9497112978947371,2.740780955183269,3.808910965894737,2.6209738178586313,1.1879371480361058,2.859199668,0.09786028
2019-08-13 17:00:00,3.913090944,2.6209738178586313,1.2921171261413686,0.9614447536842103,3.7022257088674793,3.2768322556842104,2.6209738178586313,0.6558584378255792,2.315387502,0.1020807
2019-08-13 18:00:00,2.6209738178586313,2.6209738178586313,0.0,-0.9442828906751246,2.7579428181923547,2.0040731063248756,2.0040731063248756,0.0,2.948355997,0.12304677
2019-08-13 19:00:00,2.6209738178586313,2.6209738178586313,0.0,-1.39781952751723,1.3601232906751246,3.3668040754827704,2.6209738178586313,0.7458302576241391,4.764623603,0.14228922
2019-08-13 20:00:00,2.6209738178586317,2.6209738178586313,4.440892098500626e-16,-1.3601232906751246,0.0,3.1347432583248755,2.6209738178586313,0.5137694404662443,4.494866549,0.11935037
2019-08-13 21:00:00,6.075013884141368,2.6209738178586313,3.454040066282737,1.6627660633067034,1.6627660633067034,6.380539535306704,2.6209738178586313,3.7595657174480723,4.717773472,0.11250521
2019-08-13 22:00:00,2.6209738178586317,2.6209738178586313,4.440892098500626e-16,-1.6627660633067034,0.0,4.869102462693297,2.6209738178586313,2.2481286448346656,6.531868526,0.11349333
2019-08-13 23:00:00,3.325342417,2.6209738178586313,0.7043685991413686,0.0,0.0,4.647828353,2.6209738178586313,2.026854535141369,4.647828353,0.10178486
2019-08-14 00:00:00,2.340638638,2.340638638,0.0,0.0,0.0,2.511222367,2.511222367,0.0,2.511222367,0.08710183
2019-08-14 01:00:00,1.616711259,1.616711259,0.0,0.0,0.0,1.461034949,1.461034949,0.0,1.461034949,0.08601697
2019-08-14 02:00:00,0.983415365,0.983415365,0.0,0.0,0.0,0.59721636,0.59721636,0.0,0.59721636,0.08425124
2019-08-14 03:00:00,2.6209738178586313,2.6209738178586313,0.0,2.4881088651143486,2.4881088651143486,2.666336698114349,2.6209738178586313,0.04536288025571755,0.178227833,0.08308671
2019-08-14 04:00:00,2.6209738178586313,2.6209738178586313,0.0,2.6343580924827696,5.122466957597118,2.8010657624827697,2.6209738178586313,0.18009194462413847,0.16670767,0.08303096
2019-08-14 05:00:00,-1.0503103107172622,-1.0503103107172622,0.0,-1.1224669575971182,4.0,-0.7952494025971182,-0.7952494025971182,0.0,0.327217555,0.08561016
2019-08-14 06:00:00,-3.7581459909999997,-3.7581459909999997,0.0,-4.0,0.0,-3.999999,-3.999999,0.0,1e-06,0.09243151
2019-08-14 07:00:00,0.735660017,0.735660017,0.0,0.0,0.0,2.570380057,2.570380057,0.0,2.570380057,0.08041543
2019-08-14 08:00:00,2.6209738178586313,2.6209738178586313,0.0,0.9286273072196121,0.9286273072196121,2.9915278092196123,2.6209738178586313,0.370553991360981,2.062900502,0.07026316
2019-08-14 09:00:00,2.6209738178586313,2.6209738178586313,0.0,0.9145658819564539,1.843193189176066,1.696762491956454,1.696762491956454,0.0,0.78219661,0.06799086
2019-08-14 10:00:00,2.6209738178586313,2.6209738178586313,0.0,0.6512860166932963,2.4944792058693626,2.667376736693296,2.6209738178586313,0.04640291883466485,2.01609072,0.06994718
2019-08-14 11:00:00,2.6209738178586313,2.6209738178586313,0.0,-0.17645184120144064,2.318027364667922,4.792750272798559,2.6209738178586313,2.1717764549399274,4.969202114,0.07394148
2019-08-14 12:00:00,2.6209738178586313,2.6209738178586313,0.0,-0.1019942212014402,2.2160331434664817,2.54228689379856,2.54228689379856,0.0,2.644281115,0.07914612
2019-08-14 13:00:00,2.6209738178586313,2.6209738178586313,0.0,-0.1414514927803876,2.074581650686094,2.9424087302196122,2.6209738178586313,0.321434912360981,3.083860223,0.08304039
2019-08-14 14:00:00,2.8309546192723154,2.6209738178586313,0.20998080141368414,-0.1182783818186155,1.9563032688674786,3.6625471991813847,2.6209738178586313,1.0415733813227535,3.780825581,0.08467386
2019-08-14 15:00:00,3.300313711,2.6209738178586313,0.6793398931413686,-0.01893972105263142,1.9373635478148472,3.9326604679473687,2.6209738178586313,1.3116866500887374,3.951600189,0.0884112
2019-08-14 16:00:00,6.420973817858631,2.6209738178586313,3.7999999999999994,3.6355172124827693,5.5728807602976165,7.2517740754827695,2.6209738178586313,4.630800257624138,3.616256863,0.08896258
2019-08-14 17:00:00,2.6209738178586313,2.6209738178586313,0.0,-0.8577861359382823,4.715094624359335,2.6526465570617175,2.6209738178586313,0.03167273920308622,3.510432693,0.09784975
2019-08-14 18:00:00,2.6209738178586313,2.6209738178586313,0.0,-0.715094624359335,3.9999999999999996,2.955458539640665,2.6209738178586313,0.3344847217820339,3.670553164,0.11368321
2019-08-14 19:00:00,2.6209738178586313,2.6209738178586313,0.0,-1.5640346706751247,2.435965329324875,3.2802759983248757,2.6209738178586313,0.6593021804662444,4.844310669,0.14123251
2019-08-14 20:00:00,2.6209738178586313,2.6209738178586313,0.0,-2.026161151727756,0.40980417759711907,1.668675935272244,1.668675935272244,0.0,3.694837087,0.11271288
2019-08-14 21:00:00,4.007889953282737,2.6209738178586313,1.3869161354241055,-0.40980417759711907,0.0,3.7831102384028807,2.6209738178586313,1.1621364205442495,4.192914416,0.10598312
2019-08-14 22:00:00,4.632885456,2.6209738178586313,2.011911638141369,0.0,0.0,4.975642003,2.6209738178586313,2.3546681851413687,4.975642003,0.09574512
2019-08-14 23:00:00,3.429098606,2.6209738178586313,0.8081247881413689,0.0,0.0,4.626177608,2.6209738178586313,2.0052037901413686,4.626177608,0.08944181
2019-08-15 00:00:00,2.594427109,2.594427109,0.0,0.0,0.0,3.05389489,2.6209738178586313,0.43292107214136877,3.05389489,0.09510925
2019-08-15 01:00:00,2.6209738178586313,2.6209738178586313,0.0,0.7310154482722435,0.7310154482722435,2.5062663112722436,2.5062663112722436,0.0,1.775250863,0.0851753
2019-08-15 02:00:00,1.8808133332827373,1.8808133332827373,0.0,0.9302556234555128,1.6612710717277563,1.7632130084555129,1.7632130084555129,0.0,0.832957385,0.08520017
2019-08-15 03:00:00,2.6209738178586313,2.6209738178586313,0.0,2.3387289282722437,4.0,2.781260180272244,2.6209738178586313,0.1602863624136126,0.442531252,0.08470722
2019-08-15 04:00:00,-2.4301791188586312,-2.4301791188586312,0.0,-2.6894457082722436,1.3105542917277564,-2.2512321792722436,-2.2512321792722436,0.0,0.438213529,0.08597478
2019-08-15 05:00:00,2.6209738178586313,2.6209738178586313,0.0,2.6894457082722436,4.0,2.8460853772722436,2.6209738178586313,0.22511155941361238,0.156639669,0.08388225
2019-08-15 06:00:00,-3.7670477989999998,-3.7670477989999998,0.0,-4.0,0.0,-3.999999,-3.999999,0.0,1e-06,0.08702577
2019-08-15 07:00:00,0.804127455,0.804127455,0.0,0.0,0.0,1.255230803,1.255230803,0.0,1.255230803,0.07913179
2019-08-15 08:00:00,2.6209738178586313,2.6209738178586313,0.0,0.793168034588033,0.793168034588033,2.7481546785880333,2.6209738178586313,0.12718086072940205,1.954986644,0.06533972
2019-08-15 09:00:00,2.6209738178586313,2.6209738178586313,0.0,0.7625913535354014,1.5557593881234344,1.6394203015354014,1.6394203015354014,0.0,0.876828948,0.06333998
2019-08-15 10:00:00,2.6209738178586313,2.6209738178586313,0.0,0.611740907219612,2.1675002953430464,2.060923768219612,2.060923768219612,0.0,1.449182861,0.06756477
2019-08-15 11:00:00,2.6209738178586313,2.6209738178586313,0.0,-0.14881360751722994,2.0186866878258165,1.63709339248277,1.63709339248277,0.0,1.785907,0.07442701
2019-08-15 12:00:00,2.6209738178586313,2.6209738178586313,0.0,-0.352412532780388,1.6662741550454285,1.179678301219612,1.179678301219612,0.0,1.532090834,0.07893578
2019-08-15 13:00:00,2.6209738178586313,2.6209738178586313,0.0,0.45456433774592764,2.120838492791356,3.681474230745928,2.6209738178586313,1.0605004128872966,3.226909893,0.08352876
2019-08-15 14:00:00,2.810153196272317,2.6209738178586313,0.18917937841368593,0.08865928449717586,2.209497777288532,5.136693019497176,2.6209738178586313,2.5157192016385443,5.048033735,0.08639669
2019-08-15 15:00:00,3.5951890949999994,2.6209738178586313,0.9742152771413681,0.6424168536842103,2.8519146309727423,4.18239955568421,2.6209738178586313,1.5614257378255787,3.539982702,0.08797796
2019-08-15 16:00:00,6.4209738178586315,2.6209738178586313,3.8000000000000003,3.457109845114349,6.3090244760870915,8.150644787114349,2.6209738178586313,5.529670969255717,4.693534942,0.09769858
2019-08-15 17:00:00,4.25139761,2.6209738178586313,1.6304237921413685,0.43270085999999974,6.741725336087091,2.9202621619999998,2.6209738178586313,0.2992883441413685,2.487561302,0.10434268
2019-08-15 18:00:00,2.6209738178586313,2.6209738178586313,0.0,-1.0254897654119666,5.716235570675124,2.6349479285880335,2.6209738178586313,0.013974110729402245,3.660437694,0.12831036
2019-08-15 19:00:00,2.383185347141368,2.383185347141368,0.0,-1.7186105040617177,3.9976250666134066,2.9243323299382826,2.6209738178586313,0.30335851207965137,4.642942834,0.15692157
2019-08-15 20:00:00,2.6209738178586313,2.6209738178586313,0.0,-1.7162355706751242,2.2813894959382823,2.3079552843248754,2.3079552843248754,0.0,4.024190855,0.12866978
2019-08-15 21:00:00,2.6209738178586317,2.6209738178586313,4.440892098500626e-16,-2.2813894959382823,0.0,1.982098780061718,1.982098780061718,0.0,4.263488276,0.11830734
2019-08-15 22:00:00,4.718271732,2.6209738178586313,2.0972979141413686,0.0,0.0,4.981532141,2.6209738178586313,2.3605583231413685,4.981532141,0.0987778
2019-08-15 23:00:00,4.226650960141368,2.6209738178586313,1.6056771422827372,0.42139907383301933,0.42139907383301933,4.4528782078330185,2.6209738178586313,1.8319043899743872,4.031479134,0.08985483
2019-08-16 00:00:00,2.6209738178586317,2.6209738178586313,4.440892098500626e-16,-0.42139907383301933,0.0,3.3037525671669807,2.6209738178586313,0.6827787493083495,3.725151641,0.10091036
2019-08-16 01:00:00,2.194579601,2.194579601,0.0,0.0,0.0,1.92575486,1.92575486,0.0,1.92575486,0.08934666
2019-08-16 02:00:00,2.6209738178586313,2.6209738178586313,0.0,1.3479142356406646,1.3479142356406646,1.6839905146406646,1.6839905146406646,0.0,0.336076279,0.08731517
2019-08-16 03:00:00,2.6209738178586313,2.6209738178586313,0.0,2.2645784282722436,3.6124926639129082,2.5584220422722437,2.5584220422722437,0.0,0.293843614,0.08764012
2019-08-16 04:00:00,2.6209738178586313,2.6209738178586313,0.0,2.5374315209038225,6.149924184816731,2.7848991329038224,2.6209738178586313,0.16392531504519114,0.247467612,0.08811658
2019-08-16 05:00:00,1.7925434514241054,1.7925434514241054,0.0,1.8500758151832688,8.0,1.8818121481832688,1.8818121481832688,0.0,0.031736333,0.09463828
2019-08-16 06:00:00,-3.7400291109999997,-3.7400291109999997,0.0,-4.0,4.0,-3.999999,-3.999999,0.0,1e-06,0.11492828
2019-08-16 07:00:00,-3.2261990789999997,-3.2261990789999997,0.0,-4.0,0.0,-2.5411486119999998,-2.5411486119999998,0.0,1.458851388,0.13848
2019-08-16 08:00:00,2.6209738178586313,2.6209738178586313,0.0,0.9856394640617172,0.9856394640617172,2.376180265061717,2.376180265061717,0.0,1.390540801,0.08485
2019-08-16 09:00:00,2.6209738178586313,2.6209738178586313,0.0,0.8891131924827698,1.874752656544487,1.85133580448277,1.85133580448277,0.0,0.962222612,0.0817644
2019-08-16 10:00:00,2.6209738178586313,2.6209738178586313,0.0,0.6922707977459277,2.567023454290415,2.842371017745928,2.6209738178586313,0.22139719988729656,2.15010022,0.08489825
2019-08-16 11:00:00,2.6209738178586313,2.6209738178586313,0.0,0.30431445458803275,2.8713379088784476,3.050465205588033,2.6209738178586313,0.42949138772940154,2.746150751,0.08780183
2019-08-16 12:00:00,2.6209738178586313,2.6209738178586313,0.0,-0.06040599067512442,2.810931918203323,2.4239908743248755,2.4239908743248755,0.0,2.484396865,0.09656097
2019-08-16 13:00:00,2.6209738178586313,2.6209738178586313,0.0,-0.3148616064645986,2.4960703117387246,2.3752845275354013,2.3752845275354013,0.0,2.690146134,0.1060109
2019-08-16 14:00:00,2.6209738178586313,2.6209738178586313,0.0,-0.4763299622540722,2.0197403494846524,5.055466561745927,2.6209738178586313,2.434492743887296,5.531796524,0.11394598
2019-08-16 15:00:00,6.297721502272317,2.6209738178586313,3.676747684413686,3.342140972918229,5.361881322402882,9.59583465091823,2.6209738178586313,6.974860833059598,6.253693678,0.12700273
2019-08-16 16:00:00,5.510786327717263,2.6209738178586313,2.8898125098586314,2.6381186775971184,8.0,7.040853421597118,2.6209738178586313,4.419879603738487,4.402734744,0.13573605
2019-08-16 17:00:00,2.6209738178586313,2.6209738178586313,0.0,-0.9580920948856511,7.041907905114349,4.922433218114349,2.6209738178586313,2.3014594002557174,5.880525313,0.157978
2019-08-16 18:00:00,2.297270026282737,2.297270026282737,0.0,-1.1918853807550134,5.850022524359336,4.036973702244986,2.6209738178586313,1.415999884386355,5.228859083,0.2049969
2019-08-16 19:00:00,0.41492242800000056,0.41492242800000056,0.0,-4.0,1.8500225243593356,0.7188036469999997,0.7188036469999997,0.0,4.718803647,0.22806749
2019-08-16 20:00:00,2.6209738178586317,2.6209738178586313,4.440892098500626e-16,-1.8500225243593356,0.0,3.436396025640664,2.6209738178586313,0.8154222077820328,5.28641855,0.15978697
2019-08-16 21:00:00,4.558715343,2.6209738178586313,1.937741525141369,0.0,0.0,5.531185447,2.6209738178586313,2.910211629141369,5.531185447,0.13632005
2019-08-16 22:00:00,4.734507561,2.6209738178586313,2.1135337431413688,0.0,0.0,6.587067825,2.6209738178586313,3.966094007141369,6.587067825,0.12098068
2019-08-16 23:00:00,4.03871727,2.6209738178586313,1.417743452141369,0.0,0.0,4.74045272,2.6209738178586313,2.119478902141369,4.74045272,0.10374098
2019-08-17 00:00:00,3.176847219,2.6209738178586313,0.5558734011413686,0.0,0.0,2.06922611,2.06922611,0.0,2.06922611,0.09082514
2019-08-17 01:00:00,1.373681068,1.373681068,0.0,0.0,0.0,1.275199642,1.275199642,0.0,1.275199642,0.08726796
2019-08-17 02:00:00,2.6209738178586313,2.6209738178586313,0.0,1.8460178293248752,1.8460178293248752,2.334184497324875,2.334184497324875,0.0,0.488166668,0.08514234
2019-08-17 03:00:00,2.6209738178586313,2.6209738178586313,0.0,2.513297929324875,4.35931575864975,3.135820487324875,2.6209738178586313,0.5148466694662437,0.622522558,0.0829918
2019-08-17 04:00:00,2.6209738178586313,2.6209738178586313,0.0,2.6144471682722434,6.973762926921993,2.7967603062722435,2.6209738178586313,0.17578648841361222,0.182313138,0.08555517
2019-08-17 05:00:00,0.9889933944241065,0.9889933944241065,0.0,1.0262370730780068,8.0,1.2686922380780068,1.2686922380780068,0.0,0.242455165,0.08821448
2019-08-17 06:00:00,-3.747745208,-3.747745208,0.0,-4.0,4.0,-3.999999,-3.999999,0.0,1e-06,0.12038834
2019-08-17 07:00:00,-2.919128942,-2.919128942,0.0,-4.0,0.0,-3.844488972,-3.844488972,0.0,0.155511028,0.09588269
2019-08-17 08:00:00,2.6209738178586313,2.6209738178586313,0.0,0.665755639851191,0.665755639851191,0.7641614458511911,0.7641614458511911,0.0,0.098405806,0.08193143
2019-08-17 09:00:00,2.6209738178586313,2.6209738178586313,0.0,1.5611594524827699,2.226915092333961,1.81728092448277,1.81728092448277,0.0,0.256121472,0.07896136
2019-08-17 10:00:00,2.6209738178586313,2.6209738178586313,0.0,0.4771066882722437,2.7040217806062046,3.1864087492722435,2.6209738178586313,0.5654349314136122,2.709302061,0.08267867
2019-08-17 11:00:00,5.708032932706843,2.6209738178586313,3.0870591148482114,3.0714181502177293,5.775439930823934,6.521109540217729,2.6209738178586313,3.900135722359098,3.44969139,0.08916729
2019-08-17 12:00:00,2.6209738178586313,2.6209738178586313,0.0,-0.6822889812014408,5.093150949622493,2.2332959917985593,2.2332959917985593,0.0,2.915584973,0.10089333
2019-08-17 13:00:00,2.6209738178586313,2.6209738178586313,0.0,-1.0931509496224932,4.0,2.7857918013775067,2.6209738178586313,0.16481798351887544,3.878942751,0.12028466
2019-08-17 14:00:00,5.135181204282737,2.6209738178586313,2.5142073864241055,1.5129066929291968,5.512906692929197,7.076026577929197,2.6209738178586313,4.455052760070565,5.563119885,0.14033356
2019-08-17 15:00:00,5.814643653717264,2.6209738178586313,3.1936698358586324,2.4870933070708032,8.0,7.681787493070804,2.6209738178586313,5.060813675212172,5.194694186,0.14490666
2019-08-17 16:00:00,3.227303982,2.6209738178586313,0.6063301641413688,0.0,8.0,2.875310556,2.6209738178586313,0.2543367381413688,2.875310556,0.16568147
2019-08-17 17:00:00,2.6209738178586313,2.6209738178586313,0.0,-1.1017651390961771,6.898234860903823,1.126646276903823,1.126646276903823,0.0,2.228411416,0.24983504
2019-08-17 18:00:00,2.6209738178586313,2.6209738178586313,0.0,-1.0898760822540723,5.808358778649751,0.6939883917459277,0.6939883917459277,0.0,1.783864474,0.2715915
2019-08-17 19:00:00,-0.46763234099999984,-0.46763234099999984,0.0,-4.0,1.808358778649751,0.3372970510000002,0.3372970510000002,0.0,4.337297051,0.3230768
2019-08-17 20:00:00,2.9579209952827368,2.6209738178586313,0.3369471774241055,-1.808358778649751,0.0,4.358233362350249,2.6209738178586313,1.7372595444916175,6.166592141,0.21416753
2019-08-17 21:00:00,5.103746891,2.6209738178586313,2.482773073141369,0.0,0.0,6.200826753,2.6209738178586313,3.579852935141369,6.200826753,0.16189053
2019-08-17 22:00:00,4.861549377,2.6209738178586313,2.240575559141369,0.0,0.0,3.980118243,2.6209738178586313,1.359144425141369,3.980118243,0.13226787
2019-08-17 23:00:00,4.030673981,2.6209738178586313,1.4097001631413684,0.0,0.0,3.87895825,2.6209738178586313,1.257984432141369,3.87895825,0.10990141
2019-08-18 00:00:00,2.537204742,2.537204742,0.0,0.0,0.0,2.335068415,2.335068415,0.0,2.335068415,0.09244903
2019-08-18 01:00:00,1.58185935,1.58185935,0.0,0.0,0.0,2.637495943,2.6209738178586313,0.016522125141368527,2.637495943,0.08991615
2019-08-18 02:00:00,0.849313736,0.849313736,0.0,0.0,0.0,2.1023042,2.1023042,0.0,2.1023042,0.08743202
2019-08-18 03:00:00,2.6209738178586313,2.6209738178586313,0.0,2.388320871430138,2.388320871430138,3.578690708430138,2.6209738178586313,0.9577168905715068,1.190369837,0.0860297
2019-08-18 04:00:00,2.6209738178586313,2.6209738178586313,0.0,2.562225845114349,4.950546716544487,2.9593038211143488,2.6209738178586313,0.3383300032557175,0.397077976,0.08628712
2019-08-18 05:00:00,2.6209738178586313,2.6209738178586313,0.0,2.630985285114349,7.581532001658836,3.0311914511143487,2.6209738178586313,0.4102176332557175,0.400206166,0.08867778
2019-08-18 06:00:00,-3.7060624609999997,-3.7060624609999997,0.0,-4.0,3.581532001658836,-3.788991388,-3.788991388,0.0,0.211008612,0.11543658
2019-08-18 07:00:00,-3.300253537575894,-3.300253537575894,0.0,-3.581532001658836,0.0,-3.220524667658836,-3.220524667658836,0.0,0.361007334,0.09430239
2019-08-18 08:00:00,2.6209738178586313,2.6209738178586313,0.0,2.659120794588033,2.659120794588033,2.659121794588033,2.6209738178586313,0.038147976729401734,1e-06,0.08645172
2019-08-18 09:00:00,2.6209738178586313,2.6209738178586313,0.0,2.4172288103775066,5.076349604965539,2.9292461163775068,2.6209738178586313,0.3082722985188755,0.512017306,0.0829074
2019-08-18 10:00:00,2.6209738178586313,2.6209738178586313,0.0,1.1775912661669805,6.25394087113252,5.09454726316698,2.6209738178586313,2.473573445308349,3.916955997,0.08669098
2019-08-18 11:00:00,2.6209738178586313,2.6209738178586313,0.0,0.6452143735354015,6.899155244667922,7.095964232535401,2.6209738178586313,4.474990414676769,6.450749859,0.09088171
2019-08-18 12:00:00,3.2821873139895796,2.6209738178586313,0.6612134961309484,0.6942298231469257,7.593385067814848,8.375044327146925,2.6209738178586313,5.754070509288294,7.680814504,0.10890477
2019-08-18 13:00:00,3.320421219,2.6209738178586313,0.6994474011413687,-1.938020304210526,5.655364763604322,8.077349445789473,2.6209738178586313,5.456375627930841,10.01536975,0.13071712
2019-08-18 14:00:00,6.4209738178586315,2.6209738178586313,3.8000000000000003,1.4352613166932962,7.090626080297618,10.933663047693296,2.6209738178586313,8.312689229834664,9.498401731,0.15810939
2019-08-18 15:00:00,5.721526416717263,2.6209738178586313,3.100552598858632,0.9093739197023822,8.0,7.082226884702382,2.6209738178586313,4.461253066843751,6.172852965,0.16104465
2019-08-18 16:00:00,3.320421219,2.6209738178586313,0.6994474011413687,0.0,8.0,3.7553142,2.6209738178586313,1.1343403821413687,3.7553142,0.1746316
2019-08-18 17:00:00,2.6209738178586313,2.6209738178586313,0.0,-1.0991628622540723,6.900837137745928,2.3393682507459275,2.3393682507459275,0.0,3.438531113,0.24698639
2019-08-18 18:00:00,2.6209738178586313,2.6209738178586313,0.0,-1.444968683306704,5.455868454439224,2.738513812693296,2.6209738178586313,0.11753999483466471,4.183482496,0.28021765
2019-08-18 19:00:00,0.8834602360000003,0.8834602360000003,0.0,-4.0,1.4558684544392237,3.8883327789999997,2.6209738178586313,1.2673589611413685,7.888332779,0.31237418
2019-08-18 20:00:00,3.8244430692827374,2.6209738178586313,1.203469251424106,-1.4558684544392237,0.0,3.728439881560776,2.6209738178586313,1.107466063702145,5.184308336,0.20235513
2019-08-18 21:00:00,5.169132233,2.6209738178586313,2.5481584151413688,0.0,0.0,4.694392335,2.6209738178586313,2.0734185171413686,4.694392335,0.15600256
2019-08-18 22:00:00,4.596831799,2.6209738178586313,1.975857981141369,0.0,0.0,3.875404975,2.6209738178586313,1.2544311571413687,3.875404975,0.12
2019-08-18 23:00:00,3.845996618,2.6209738178586313,1.2250228001413688,0.0,0.0,2.673647865,2.6209738178586313,0.052674047141368696,2.673647865,0.10291261
2019-08-19 00:00:00,3.172093391,2.6209738178586313,0.551119573141369,0.0,0.0,2.101290473,2.101290473,0.0,2.101290473,0.09243461
2019-08-19 01:00:00,1.513919711,1.513919711,0.0,0.0,0.0,1.03936181,1.03936181,0.0,1.03936181,0.0910724
2019-08-19 02:00:00,1.084839702,1.084839702,0.0,0.0,0.0,0.78082439,0.78082439,0.0,0.78082439,0.0905995
2019-08-19 03:00:00,2.6209738178586313,2.6209738178586313,0.0,2.1900277303775066,2.1900277303775066,2.4188717033775067,2.4188717033775067,0.0,0.228843973,0.08854648
2019-08-19 04:00:00,2.6209738178586313,2.6209738178586313,0.0,2.4741164240617173,4.664144154439224,2.7078288140617173,2.6209738178586313,0.08685499620308601,0.23371239,0.08883083
2019-08-19 05:00:00,-0.5875611757172631,-0.5875611757172631,0.0,-0.6641441544392244,4.0,-0.6641431544392243,-0.6641431544392243,0.0,1e-06,0.09158562
2019-08-19 06:00:00,-3.6965956639999997,-3.6965956639999997,0.0,-4.0,0.0,-3.618579555,-3.618579555,0.0,0.381420445,0.11686251
2019-08-19 07:00:00,0.524394929,0.524394929,0.0,0.0,0.0,1.001428753,1.001428753,0.0,1.001428753,0.09092368
2019-08-19 08:00:00,2.6209738178586313,2.6209738178586313,0.0,1.2364998535354015,1.2364998535354015,2.7180618265354015,2.6209738178586313,0.09708800867677025,1.481561973,0.08476187
2019-08-19 09:00:00,4.727708251565474,2.6209738178586313,2.1067344337068428,2.5685585500689196,3.8050584036043213,6.181320354068919,2.6209738178586313,3.560346536210288,3.612761804,0.08107495
2019-08-19 10:00:00,5.355187416,2.6209738178586313,2.7342135981413684,2.1175113473684206,5.922569750972742,7.74637885436842,2.6209738178586313,5.12540503650979,5.628867507,0.08334798
2019-08-19 11:00:00,4.250844479000001,2.6209738178586313,1.62987066114137,0.38322800105263255,6.3057977520253745,4.092450526052632,2.6209738178586313,1.4714767081940008,3.709222525,0.08757
2019-08-19 12:00:00,5.856889558575894,2.6209738178586313,3.2359157407172625,1.6942022479746255,8.0,8.026225155974625,2.6209738178586313,5.405251338115994,6.332022908,0.09551887
2019-08-19 13:00:00,2.6209738178586313,2.6209738178586313,0.0,-2.8781195769909136,5.121880423009086,2.1891218740090865,2.1891218740090865,0.0,5.067241451,0.11352745
2019-08-19 14:00:00,3.029528076565474,2.6209738178586313,0.4085542587068427,-1.2855962130889753,3.836284209920111,2.8339962279110247,2.6209738178586313,0.21302241005239342,4.119592441,0.13103207
2019-08-19 15:00:00,4.571225166,2.6209738178586313,1.9502513481413684,0.5603870589473678,4.396671268867479,3.733662759947368,2.6209738178586313,1.1126889420887367,3.173275701,0.14862697
2019-08-19 16:00:00,6.420973817858631,2.6209738178586313,3.7999999999999994,2.787372229324875,7.184043498192354,5.9406555343248755,2.6209738178586313,3.319681716466244,3.153283305,0.1557624
2019-08-19 17:00:00,2.6209738178586313,2.6209738178586313,0.0,-1.131147342254072,6.0528961559382815,0.891872521745928,0.891872521745928,0.0,2.023019864,0.19506601
2019-08-19 18:00:00,2.6209738178586313,2.6209738178586313,0.0,-2.0528961559382823,3.999999999999999,3.2129503690617174,2.6209738178586313,0.5919765512030861,5.265846525,0.22104239
2019-08-19 19:00:00,2.6209738178586313,2.6209738178586313,0.0,-2.5857651938330193,1.4142348061669798,5.6469275661669815,2.6209738178586313,3.0259537483083503,8.23269276,0.25
2019-08-19 20:00:00,3.640734155141369,2.6209738178586313,1.019760337282738,-1.4142348061669798,0.0,2.8793920258330203,2.6209738178586313,0.2584182079743891,4.293626832,0.18156929
2019-08-19 21:00:00,4.392921925,2.6209738178586313,1.7719481071413683,0.0,0.0,4.513936725,2.6209738178586313,1.8929629071413685,4.513936725,0.14821487
2019-08-19 22:00:00,3.926030159,2.6209738178586313,1.305056341141369,0.0,0.0,4.021196724,2.6209738178586313,1.400222906141369,4.021196724,0.10732283
2019-08-19 23:00:00,2.591209173,2.591209173,0.0,0.0,0.0,3.550495865,2.6209738178586313,0.9295220471413685,3.550495865,0.1027617
2019-08-20 00:00:00,2.026830673,2.026830673,0.0,0.0,0.0,3.328435667,2.6209738178586313,0.7074618491413687,3.328435667,0.08628462
2019-08-20 01:00:00,1.946726084,1.946726084,0.0,0.0,0.0,2.255835411,2.255835411,0.0,2.255835411,0.08475039
2019-08-20 02:00:00,2.6209738178586313,2.6209738178586313,0.0,1.7068392903775067,1.7068392903775067,2.215957123377507,2.215957123377507,0.0,0.509117833,0.08244619
2019-08-20 03:00:00,2.6209738178586313,2.6209738178586313,0.0,2.4209843103775066,4.127823600755013,3.1683763363775066,2.6209738178586313,0.5474025185188753,0.747392026,0.08228306
2019-08-20 04:00:00,2.6209738178586313,2.6209738178586313,0.0,2.666745459851191,6.794569060606204,2.956895629851191,2.6209738178586313,0.33592181199255977,0.29015017,0.08263012
2019-08-20 05:00:00,-2.6281892415758934,-2.6281892415758934,0.0,-2.7945690606062037,4.0,-2.7463965046062038,-2.7463965046062038,0.0,0.048172556,0.08433924
2019-08-20 06:00:00,-3.6880618739999997,-3.6880618739999997,0.0,-4.0,0.0,-3.999999,-3.999999,0.0,1e-06,0.09621044
2019-08-20 07:00:00,0.538477778,0.538477778,0.0,0.0,0.0,1.013764668,1.013764668,0.0,1.013764668,0.08339885
2019-08-20 08:00:00,2.6209738178586313,2.6209738178586313,0.0,1.3312494051143486,1.3312494051143486,3.248907413114349,2.6209738178586313,0.6279335952557177,1.917658008,0.07655935
2019-08-20 09:00:00,6.332500845565474,2.6209738178586313,3.711527027706843,3.8327710574373413,5.16402046255169,5.025477726437341,2.6209738178586313,2.4045039085787097,1.192706669,0.07405467
2019-08-20 10:00:00,2.6209738178586313,2.6209738178586313,0.0,-1.151481938043546,4.012538524508145,0.14588039395645414,0.14588039395645414,0.0,1.297362332,0.07604189
2019-08-20 11:00:00,2.6209738178586313,2.6209738178586313,0.0,-2.2620785948856517,1.750459929622493,-0.4821336798856517,-0.4821336798856517,0.0,1.779944915,0.07909619
2019-08-20 12:00:00,2.6209738178586317,2.6209738178586313,4.440892098500626e-16,-1.750459929622493,0.0,-0.5679353456224929,-0.5679353456224929,0.0,1.182524584,0.08295076
2019-08-20 13:00:00,2.6209738178586313,2.6209738178586313,0.0,0.4640945556406648,0.4640945556406648,3.735524774640665,2.6209738178586313,1.1145509567820335,3.271430219,0.0882527
2019-08-20 14:00:00,3.296631842565474,2.6209738178586313,0.6756580247068427,0.5811242363847091,1.045218792025374,2.9731474043847093,2.6209738178586313,0.352173586526078,2.392023168,0.09920638
2019-08-20 15:00:00,3.346596718,2.6209738178586313,0.7256229001413685,0.7673045210526315,1.8125233130780054,5.277027578052632,2.6209738178586313,2.6560537601940006,4.509723057,0.10449067
2019-08-20 16:00:00,4.407428265,2.6209738178586313,1.7864544471413688,1.6633284726315787,3.475851785709584,5.578672161631578,2.6209738178586313,2.957698343772947,3.915343689,0.11075997
2019-08-20 17:00:00,4.835277557,2.6209738178586313,2.214303739141369,1.4992862000000002,4.975137985709584,4.630777808,2.6209738178586313,2.009803990141369,3.131491608,0.12613139
2019-08-20 18:00:00,2.6209738178586313,2.6209738178586313,0.0,-0.7638135790961771,4.211324406613407,0.2088058379038229,0.2088058379038229,0.0,0.972619417,0.14935973
2019-08-20 19:00:00,2.6209738178586313,2.6209738178586313,0.0,-1.8804783654119666,2.3308460412014407,2.271465358588033,2.271465358588033,0.0,4.151943724,0.16392654
2019-08-20 20:00:00,2.6209738178586317,2.6209738178586313,4.440892098500626e-16,-2.3308460412014407,0.0,1.9644820197985595,1.9644820197985595,0.0,4.295328061,0.134506
2019-08-20 21:00:00,4.448950291,2.6209738178586313,1.8279764731413688,0.0,0.0,4.864823077,2.6209738178586313,2.2438492591413683,4.864823077,0.12066781
2019-08-20 22:00:00,4.390787601,2.6209738178586313,1.7698137831413692,0.0,0.0,4.217443834,2.6209738178586313,1.5964700161413687,4.217443834,0.10041097
2019-08-20 23:00:00,3.782316685,2.6209738178586313,1.1613428671413688,0.0,0.0,3.293443807,2.6209738178586313,0.6724699891413688,3.293443807,0.09411362
2019-08-21 00:00:00,3.343229532,2.6209738178586313,0.7222557141413688,0.0,0.0,2.562483478,2.562483478,0.0,2.562483478,0.08491596
2019-08-21 01:00:00,2.6209738178586313,2.6209738178586313,0.0,0.6742192493248753,0.6742192493248753,1.7866750853248754,1.7866750853248754,0.0,1.112455836,0.08272778
2019-08-21 02:00:00,0.3157753421413685,0.3157753421413685,0.0,-0.6742192493248753,0.0,1.0423088336751247,1.0423088336751247,0.0,1.716528083,0.08328536
2019-08-21 03:00:00,2.6209738178586313,2.6209738178586313,0.0,2.1474736535354015,2.1474736535354015,2.4487096285354015,2.4487096285354015,0.0,0.301235975,0.08141377
2019-08-21 04:00:00,2.6209738178586313,2.6209738178586313,0.0,2.5143100630090855,4.6617837165444875,2.6725237300090856,2.6209738178586313,0.05154991215045435,0.158213667,0.08166534
2019-08-21 05:00:00,-3.7850544559999997,-3.7850544559999997,0.0,-4.0,0.6617837165444875,-3.999999,-3.999999,0.0,1e-06,0.0829107
2019-08-21 06:00:00,-0.5831128327172631,-0.5831128327172631,0.0,-0.6617837165444875,0.0,-0.6560631625444875,-0.6560631625444875,0.0,0.005720554,0.08190916
2019-08-21 07:00:00,0.522467136,0.522467136,0.0,0.0,0.0,1.280181807,1.280181807,0.0,1.280181807,0.07509251
2019-08-21 08:00:00,2.6209738178586313,2.6209738178586313,0.0,1.1784200840617174,1.1784200840617174,3.172979608061717,2.6209738178586313,0.5520057902030859,1.994559524,0.06638343
2019-08-21 09:00:00,2.6209738178586313,2.6209738178586313,0.0,0.7216583977459279,1.9000784818076453,1.7409345647459278,1.7409345647459278,0.0,1.019276167,0.06316817
2019-08-21 10:00:00,2.6209738178586313,2.6209738178586313,0.0,0.8780993830090857,2.778177864816731,2.6488918230090857,2.6209738178586313,0.027918005150454395,1.77079244,0.06438216
2019-08-21 11:00:00,2.6209738178586313,2.6209738178586313,0.0,0.20726429037750682,2.985442155194238,2.5319958433775067,2.5319958433775067,0.0,2.324731553,0.06917205
2019-08-21 12:00:00,2.6209738178586313,2.6209738178586313,0.0,-0.12271605804354602,2.862726097150692,2.118357630956454,2.118357630956454,0.0,2.241073689,0.07467918
2019-08-21 13:00:00,2.6209738178586313,2.6209738178586313,0.0,0.17379057248276997,3.036516669633462,2.59573348848277,2.59573348848277,0.0,2.421942916,0.08169072
2019-08-21 14:00:00,2.6209738178586313,2.6209738178586313,0.0,-0.29635505488565084,2.740161614747811,2.088664949114349,2.088664949114349,0.0,2.385020004,0.0822764
2019-08-21 15:00:00,2.6209738178586313,2.6209738178586313,0.0,-0.3013066317277562,2.4388549830200548,5.901946266272244,2.6209738178586313,3.2809724484136127,6.203252898,0.08670104
2019-08-21 16:00:00,4.3661839994136855,2.6209738178586313,1.7452101815550543,1.4486460972775634,3.887501080297618,4.078035234277563,2.6209738178586313,1.4570614164189322,2.629389137,0.08933277
2019-08-21 17:00:00,2.6209738178586313,2.6209738178586313,0.0,0.37196509879855943,4.259466179096178,1.8285538247985593,1.8285538247985593,0.0,1.456588726,0.10049512
2019-08-21 18:00:00,2.6209738178586313,2.6209738178586313,0.0,-0.2594661790961772,4.0,2.6032728199038226,2.6032728199038226,0.0,2.862738999,0.11912882
2019-08-21 19:00:00,2.6209738178586313,2.6209738178586313,0.0,-0.999032329622493,3.000967670377507,3.343588226377507,2.6209738178586313,0.7226144085188757,4.342620556,0.1351833
2019-08-21 20:00:00,2.6209738178586313,2.6209738178586313,0.0,-1.6366409085698619,1.3643267618076451,0.5698878214301382,0.5698878214301382,0.0,2.20652873,0.11291369
2019-08-21 21:00:00,2.6209738178586313,2.6209738178586313,0.0,-1.0650205696224933,0.29930619218515186,1.2036129323775069,1.2036129323775069,0.0,2.268633502,0.10328701
2019-08-21 22:00:00,3.4248084784241057,2.6209738178586313,0.8038346605654745,-0.29930619218515186,0.0,3.072843473814848,2.6209738178586313,0.45186965595621675,3.372149666,0.09030823
2019-08-21 23:00:00,3.154109478,2.6209738178586313,0.5331356601413688,0.0,0.0,4.586825334,2.6209738178586313,1.965851516141369,4.586825334,0.08699754
2019-08-22 00:00:00,2.622005463,2.6209738178586313,0.0010316451413685535,0.0,0.0,2.168317332,2.168317332,0.0,2.168317332,0.08374986
2019-08-22 01:00:00,1.578241229,1.578241229,0.0,0.0,0.0,1.803248666,1.803248666,0.0,1.803248666,0.08426439
2019-08-22 02:00:00,1.325988054,1.325988054,0.0,0.0,0.0,0.930447054,0.930447054,0.0,0.930447054,0.08359721
2019-08-22 03:00:00,2.6209738178586313,2.6209738178586313,0.0,2.234968001956454,2.234968001956454,2.641079334956454,2.6209738178586313,0.020105517097822823,0.406111333,0.08289425
2019-08-22 04:00:00,2.6209738178586313,2.6209738178586313,0.0,2.619093601956454,4.854061603912908,2.690219740956454,2.6209738178586313,0.06924592309782263,0.071126139,0.08021251
2019-08-22 05:00:00,-0.7996892617172625,-0.7996892617172625,0.0,-0.8540616039129079,4.0,-0.8540606039129078,-0.8540606039129078,0.0,1e-06,0.08344176
2019-08-22 06:00:00,-3.7266692769999996,-3.7266692769999996,0.0,-4.0,0.0,-3.999679806,-3.999679806,0.0,0.000320194,0.08499035
2019-08-22 07:00:00,0.707672596,0.707672596,0.0,0.0,0.0,1.582964309,1.582964309,0.0,1.582964309,0.07471931
2019-08-22 08:00:00,2.6209738178586313,2.6209738178586313,0.0,1.2207319777459278,1.2207319777459278,2.5741627787459276,2.5741627787459276,0.0,1.353430801,0.06203499
2019-08-22 09:00:00,2.6209738178586313,2.6209738178586313,0.0,1.3126051977459277,2.533337175491855,2.996708443745928,2.6209738178586313,0.37573462588729667,1.684103246,0.0562741
2019-08-22 10:00:00,2.6209738178586313,2.6209738178586313,0.0,0.6700189409038226,3.203356116395678,1.7748803239038227,1.7748803239038227,0.0,1.104861383,0.05873829
2019-08-22 11:00:00,2.6209738178586313,2.6209738178586313,0.0,0.13614001248277008,3.339496128878448,1.8795710114827702,1.8795710114827702,0.0,1.743430999,0.06520385
2019-08-22 12:00:00,2.6209738178586313,2.6209738178586313,0.0,-0.08125757699091407,3.258238551887534,2.383028494009086,2.383028494009086,0.0,2.464286071,0.07249956
2019-08-22 13:00:00,2.6209738178586313,2.6209738178586313,0.0,0.07076488511434897,3.329003437001883,5.797033585114349,2.6209738178586313,3.1760597672557176,5.7262687,0.07174882
2019-08-22 14:00:00,2.6209738178586313,2.6209738178586313,0.0,-0.08222430225407251,3.2467791347478103,2.7762651937459273,2.6209738178586313,0.15529137588729602,2.858489496,0.07755521
2019-08-22 15:00:00,2.6209738178586313,2.6209738178586313,0.0,-0.4057450127803879,2.8410341219674224,3.0331412352196123,2.6209738178586313,0.41216741736098106,3.438886248,0.08309858
2019-08-22 16:00:00,2.6209738178586313,2.6209738178586313,0.0,-0.24614334856986142,2.594890773397561,2.3774685354301384,2.3774685354301384,0.0,2.623611884,0.0887782
2019-08-22 17:00:00,2.6209738178586313,2.6209738178586313,0.0,0.05544887564066503,2.650339649038226,2.717808127640665,2.6209738178586313,0.09683430978203367,2.662359252,0.09281525
2019-08-22 18:00:00,2.6209738178586313,2.6209738178586313,0.0,0.1280817156406644,2.7784213646788904,3.8030810516406643,2.6209738178586313,1.182107233782033,3.674999336,0.11456207
2019-08-22 19:00:00,2.6209738178586313,2.6209738178586313,0.0,-0.65096554751723,2.1274558171616604,3.11937148448277,2.6209738178586313,0.49839766662413876,3.770337032,0.12877046
2019-08-22 20:00:00,2.6209738178586313,2.6209738178586313,0.0,-1.2091576506751247,0.9182981664865357,4.534514902324875,2.6209738178586313,1.9135410844662437,5.743672553,0.11326938
2019-08-22 21:00:00,3.449410297837791,2.6209738178586313,0.8284364799791599,-0.9182981664865357,0.0,2.263561473513464,2.263561473513464,0.0,3.18185964,0.10234944
2019-08-22 22:00:00,4.413125992,2.6209738178586313,1.792152174141369,0.0,0.0,3.852337501,2.6209738178586313,1.2313636831413688,3.852337501,0.08664868
2019-08-22 23:00:00,3.672719955,2.6209738178586313,1.0517461371413686,0.0,0.0,4.11515523,2.6209738178586313,1.4941814121413688,4.11515523,0.08378559
2019-08-23 00:00:00,2.655652046,2.6209738178586313,0.034678228141368894,0.0,0.0,2.970918659,2.6209738178586313,0.3499448411413688,2.970918659,0.08161454
2019-08-23 01:00:00,2.027107477,2.027107477,0.0,0.0,0.0,1.310685837,1.310685837,0.0,1.310685837,0.08146265
2019-08-23 02:00:00,2.6209738178586313,2.6209738178586313,0.0,1.5003300893248752,1.5003300893248752,2.4206472563248753,2.4206472563248753,0.0,0.920317167,0.08002883
2019-08-23 03:00:00,2.6209738178586313,2.6209738178586313,0.0,2.37645785248277,3.8767879418076454,3.22002302048277,2.6209738178586313,0.5990492026241387,0.843565168,0.07824198
2019-08-23 04:00:00,2.6209738178586313,2.6209738178586313,0.0,2.633290047219612,6.510077989027257,2.7621554342196117,2.6209738178586313,0.14118161636098048,0.128865387,0.08012777
2019-08-23 05:00:00,-2.3720902265758945,-2.3720902265758945,0.0,-2.5100779890272573,4.0,-2.3254075150272575,-2.3254075150272575,0.0,0.184670474,0.08362546
2019-08-23 06:00:00,-3.76419581,-3.76419581,0.0,-4.0,0.0,-3.999999,-3.999999,0.0,1e-06,0.09735836
2019-08-23 07:00:00,0.573126376,0.573126376,0.0,0.0,0.0,1.055960331,1.055960331,0.0,1.055960331,0.0827893
2019-08-23 08:00:00,2.6209738178586313,2.6209738178586313,0.0,1.1393774103775067,1.1393774103775067,3.3245909353775067,2.6209738178586313,0.7036171175188755,2.185213525,0.07418036
2019-08-23 09:00:00,2.6209738178586313,2.6209738178586313,0.0,0.6921478240617174,1.831525234439224,1.6600102130617174,1.6600102130617174,0.0,0.967862389,0.07946969
2019-08-23 10:00:00,2.6209738178586313,2.6209738178586313,0.0,0.7026952114301381,2.5342204458693622,2.0448796534301383,2.0448796534301383,0.0,1.342184442,0.07661104
2019-08-23 11:00:00,2.6209738178586313,2.6209738178586313,0.0,0.4510824219564542,2.9853028678258164,2.6865677549564544,2.6209738178586313,0.06559393709782313,2.235485333,0.07915106
2019-08-23 12:00:00,2.6209738178586313,2.6209738178586313,0.0,-0.3305869433067037,2.6547159245191128,2.6666924416932964,2.6209738178586313,0.045718623834665184,2.997279385,0.08258902
2019-08-23 13:00:00,2.6209738178586313,2.6209738178586313,0.0,-0.25304694751723034,2.4016689770018824,4.69589397248277,2.6209738178586313,2.0749201546241385,4.94894092,0.0840651
2019-08-23 14:00:00,2.6209738178586313,2.6209738178586313,0.0,-0.6336636369909141,1.7680053400109683,2.343547631009086,2.343547631009086,0.0,2.977211268,0.08885554
2019-08-23 15:00:00,6.321507451272318,2.6209738178586313,3.7005336334136865,3.4055970813392813,5.17360242135025,8.466385796339281,2.6209738178586313,5.84541197848065,5.060788715,0.08847834
2019-08-23 16:00:00,3.2528684139999995,2.6209738178586313,0.6318945961413682,0.23986916842105188,5.4134715897713015,4.271558198421052,2.6209738178586313,1.6505843805624205,4.03168903,0.09228209
2019-08-23 17:00:00,2.6209738178586313,2.6209738178586313,0.0,-0.7483193833067037,4.665152206464597,1.5642700076932963,1.5642700076932963,0.0,2.312589391,0.10685804
2019-08-23 18:00:00,2.6209738178586313,2.6209738178586313,0.0,-0.6651522064645983,3.999999999999999,1.0563071265354018,1.0563071265354018,0.0,1.721459333,0.1351509
2019-08-23 19:00:00,2.239735571282738,2.239735571282738,0.0,-1.3601820428602758,2.6398179571397233,2.323825065139724,2.323825065139724,0.0,3.684007108,0.15053688
2019-08-23 20:00:00,2.6209738178586313,2.6209738178586313,0.0,-2.216342382254072,0.42347557488565135,-0.17121227325407196,-0.17121227325407196,0.0,2.045130109,0.12108631
2019-08-23 21:00:00,2.6209738178586313,2.6209738178586313,0.0,-0.42347557488565135,0.0,3.044494865114349,2.6209738178586313,0.4235210472557176,3.46797044,0.10457376
2019-08-23 22:00:00,3.761681557,2.6209738178586313,1.140707739141369,0.0,0.0,4.187945471,2.6209738178586313,1.5669716531413687,4.187945471,0.08963344
2019-08-23 23:00:00,3.959978588141368,2.6209738178586313,1.3390047702827368,0.46436109804354553,0.46436109804354553,4.322630541043546,2.6209738178586313,1.701656723184915,3.858269443,0.08437633
2019-08-24 00:00:00,2.6209738178586317,2.6209738178586313,4.440892098500626e-16,-0.46436109804354553,0.0,1.9377659579564543,1.9377659579564543,0.0,2.402127056,0.08836284
2019-08-24 01:00:00,1.733130693,1.733130693,0.0,0.0,0.0,1.791153583,1.791153583,0.0,1.791153583,0.0837772
2019-08-24 02:00:00,2.6209738178586313,2.6209738178586313,0.0,1.788379134588033,1.788379134588033,2.644667605588033,2.6209738178586313,0.023693787729401894,0.856288471,0.08314048
2019-08-24 03:00:00,2.6209738178586313,2.6209738178586313,0.0,1.9398683545880329,3.728247489176066,2.3797564135880327,2.3797564135880327,0.0,0.439888059,0.08233695
2019-08-24 04:00:00,2.6209738178586313,2.6209738178586313,0.0,2.5763260451143486,6.304573534290414,2.8888489631143486,2.6209738178586313,0.2678751452557173,0.312522918,0.08349482
2019-08-24 05:00:00,-2.1440193885758934,-2.1440193885758934,0.0,-2.304573534290414,4.0,-2.189149309290414,-2.189149309290414,0.0,0.115424225,0.08607414
2019-08-24 06:00:00,-3.7620822439999997,-3.7620822439999997,0.0,-4.0,0.0,-3.999999,-3.999999,0.0,1e-06,0.10122627
2019-08-24 07:00:00,0.435788691,0.435788691,0.0,0.0,0.0,0.583254004,0.583254004,0.0,0.583254004,0.08519875
2019-08-24 08:00:00,2.6209738178586313,2.6209738178586313,0.0,1.0498031735354016,1.0498031735354016,1.5634993385354017,1.5634993385354017,0.0,0.513696165,0.07781895
2019-08-24 09:00:00,2.6209738178586313,2.6209738178586313,0.0,1.3981020998511908,2.4479052733865925,4.227185327851191,2.6209738178586313,1.6062115099925598,2.829083228,0.07531532
2019-08-24 10:00:00,2.6209738178586313,2.6209738178586313,0.0,1.0805513903775068,3.528456663764099,4.231133388377507,2.6209738178586313,1.6101595705188756,3.150581998,0.07608432
2019-08-24 11:00:00,3.381306216848211,2.6209738178586313,0.7603323989895796,1.1143044903665382,4.642761154130637,5.947826514366538,2.6209738178586313,3.3268526965079066,4.833522024,0.08027508
2019-08-24 12:00:00,3.668609381,2.6209738178586313,1.0476355631413687,0.7134111305263158,5.356172284656953,7.359844106526316,2.6209738178586313,4.738870288667684,6.646432976,0.08436205
2019-08-24 13:00:00,3.3433597090000005,2.6209738178586313,0.7223858911413692,-1.9640975242105263,3.3920747604464268,3.0569515497894733,2.6209738178586313,0.435977731930842,5.021049074,0.0897173
2019-08-24 14:00:00,3.2812552450000005,2.6209738178586313,0.6602814271413693,-0.8338612010526312,2.5582135593937956,3.784407578947369,2.6209738178586313,1.1634337610887378,4.61826878,0.09488979
2019-08-24 15:00:00,3.183730602,2.6209738178586313,0.5627567841413685,-0.5103987147368425,2.047814844656953,2.1721964522631576,2.1721964522631576,0.0,2.682595167,0.10831128
2019-08-24 16:00:00,3.9787452219999997,2.6209738178586313,1.3577714041413684,0.6688268557894737,2.7166417004464267,4.342493741789474,2.6209738178586313,1.7215199239308423,3.673666886,0.11081897
2019-08-24 17:00:00,3.856431007,2.6209738178586313,1.2354571891413686,0.6054481705263157,3.3220898709727424,4.244129915526315,2.6209738178586313,1.623156097667684,3.638681745,0.12667865
2019-08-24 18:00:00,2.6209738178586313,2.6209738178586313,0.0,-0.5923755622540718,2.7297143087186706,2.146961459745928,2.146961459745928,0.0,2.739337022,0.15640607
2019-08-24 19:00:00,2.6209738178586313,2.6209738178586313,0.0,-1.4292330569909142,1.3004812517277564,0.7560059440090856,0.7560059440090856,0.0,2.185239001,0.16535635
2019-08-24 20:00:00,2.6209738178586313,2.6209738178586313,0.0,-1.3004812517277564,0.0,1.7305569132722436,1.7305569132722436,0.0,3.031038165,0.12982034
2019-08-24 21:00:00,3.704253674,2.6209738178586313,1.0832798561413686,0.0,0.0,3.498911585,2.6209738178586313,0.8779377671413688,3.498911585,0.11741139
2019-08-24 22:00:00,3.564410686,2.6209738178586313,0.9434368681413687,0.0,0.0,3.018546223,2.6209738178586313,0.3975724051413687,3.018546223,0.10153529
2019-08-24 23:00:00,3.435065508,2.6209738178586313,0.8140916901413688,0.0,0.0,3.109605252,2.6209738178586313,0.4886314341413689,3.109605252,0.09655725
2019-08-25 00:00:00,2.534885406,2.534885406,0.0,0.0,0.0,3.001295131,2.6209738178586313,0.38032131314136874,3.001295131,0.09328288
2019-08-25 01:00:00,2.022289753,2.022289753,0.0,0.0,0.0,1.817684552,1.817684552,0.0,1.817684552,0.08814985
2019-08-25 02:00:00,1.087616444,1.087616444,0.0,0.0,0.0,1.191318638,1.191318638,0.0,1.191318638,0.08704985
2019-08-25 03:00:00,2.6209738178586313,2.6209738178586313,0.0,2.294477341956454,2.294477341956454,2.646667617956454,2.6209738178586313,0.025693800097822628,0.352190276,0.08644262
2019-08-25 04:00:00,2.6209738178586313,2.6209738178586313,0.0,2.5687934766932963,4.863270818649751,3.1196475036932965,2.6209738178586313,0.4986736858346652,0.550854027,0.08687104
2019-08-25 05:00:00,2.6209738178586313,2.6209738178586313,0.0,2.636818627219612,7.500089445869363,2.917575928219612,2.6209738178586313,0.29660211036098083,0.280757301,0.0889631
2019-08-25 06:00:00,-3.767229519,-3.767229519,0.0,-4.0,3.5000894458693628,-3.845276501,-3.845276501,0.0,0.154723499,0.10950144
2019-08-25 07:00:00,-2.9209726045758946,-2.9209726045758946,0.0,-3.5000894458693628,0.0,-3.5000884458693626,-3.5000884458693626,0.0,1e-06,0.09075545
2019-08-25 08:00:00,0.8042321424241053,0.8042321424241053,0.0,0.11024013097274254,0.11024013097274254,0.6653356859727425,0.6653356859727425,0.0,0.555095555,0.08415605
2019-08-25 09:00:00,4.141889572,2.6209738178586313,1.520915754141369,2.515733744210526,2.6259738751832686,3.314101465210526,2.6209738178586313,0.6931276473518948,0.798367721,0.08011973
2019-08-25 10:00:00,4.017897606,2.6209738178586313,1.3969237881413687,1.3973155778947368,4.0232894530780055,4.929167187894737,2.6209738178586313,2.3081933700361055,3.53185161,0.08078638
2019-08-25 11:00:00,4.148602009,2.6209738178586313,1.527628191141369,0.6561502663157901,4.6794397193937955,6.06211960531579,2.6209738178586313,3.441145787457159,5.405969339,0.08316692
2019-08-25 12:00:00,3.6992397310000005,2.6209738178586313,1.0782659131413692,-0.4659472010526313,4.213492518341164,3.459579298947369,2.6209738178586313,0.8386054810887376,3.9255265,0.08760619
2019-08-25 13:00:00,3.558013916,2.6209738178586313,0.9370400981413689,-0.4840880947368418,3.7294044236043224,4.579281930263159,2.6209738178586313,1.9583081124045276,5.063370025,0.09856034
2019-08-25 14:00:00,3.5856227869999997,2.6209738178586313,0.9646489691413684,-0.5926097073684216,3.136794716235901,4.132425266631579,2.6209738178586313,1.5114514487729473,4.725034974,0.10542345
2019-08-25 15:00:00,3.293232203,2.6209738178586313,0.6722583851413688,-0.4273763452631578,2.709418370972743,4.258725573736843,2.6209738178586313,1.6377517558782118,4.686101919,0.11202971
2019-08-25 16:00:00,3.775608063,2.6209738178586313,1.1546342451413687,0.22904647052631555,2.9384648414990586,3.6342152755263157,2.6209738178586313,1.0132414576676845,3.405168805,0.12379355
2019-08-25 17:00:00,3.970709085,2.6209738178586313,1.349735267141369,0.4053539978947369,3.3438188393937955,3.375924438894737,2.6209738178586313,0.7549506210361057,2.970570441,0.1376216
2019-08-25 18:00:00,2.6209738178586313,2.6209738178586313,0.0,-0.7076404054119672,2.6361784339818284,3.038098256588033,2.6209738178586313,0.4171244387294015,3.745738662,0.16114641
2019-08-25 19:00:00,2.6209738178586313,2.6209738178586313,0.0,-1.2154044685698615,1.4207739654119669,4.475536529430139,2.6209738178586313,1.8545627115715075,5.690940998,0.17460965
2019-08-25 20:00:00,2.6209738178586317,2.6209738178586313,4.440892098500626e-16,-1.4207739654119669,0.0,3.2584162595880333,2.6209738178586313,0.637442441729402,4.679190225,0.14031038
2019-08-25 21:00:00,4.22332859,2.6209738178586313,1.6023547721413691,0.0,0.0,5.272945059,2.6209738178586313,2.651971241141369,5.272945059,0.1267297
2019-08-25 22:00:00,4.036855221,2.6209738178586313,1.4158814031413685,0.0,0.0,5.754221467,2.6209738178586313,3.1332476491413686,5.754221467,0.10172548
2019-08-25 23:00:00,3.117489338,2.6209738178586313,0.4965155201413687,0.0,0.0,4.991798922,2.6209738178586313,2.370825104141369,4.991798922,0.0973285
2019-08-26 00:00:00,2.567810297,2.567810297,0.0,0.0,0.0,4.170425226,2.6209738178586313,1.5494514081413686,4.170425226,0.09641051
2019-08-26 01:00:00,2.309383869,2.309383869,0.0,0.0,0.0,2.384482557,2.384482557,0.0,2.384482557,0.08977366
2019-08-26 02:00:00,1.408552647,1.408552647,0.0,0.0,0.0,0.545077421,0.545077421,0.0,0.545077421,0.08715927
2019-08-26 03:00:00,2.6209738178586313,2.6209738178586313,0.0,1.9946470303775068,1.9946470303775068,2.480990282377507,2.480990282377507,0.0,0.486343252,0.08508753
2019-08-26 04:00:00,2.6209738178586313,2.6209738178586313,0.0,2.483672429324875,4.478319459702382,2.671837513324875,2.6209738178586313,0.05086369546624381,0.188165084,0.08657489
2019-08-26 05:00:00,-0.4136871887172628,-0.4136871887172628,0.0,-0.4783194597023819,4.0,-0.4783184597023819,-0.4783184597023819,0.0,1e-06,0.09054167
2019-08-26 06:00:00,-3.7451778229999997,-3.7451778229999997,0.0,-4.0,0.0,-3.6543677199999998,-3.6543677199999998,0.0,0.34563228,0.11035087
2019-08-26 07:00:00,0.247864366,0.247864366,0.0,0.0,0.0,1.665027635,1.665027635,0.0,1.665027635,0.0887867
2019-08-26 08:00:00,2.6209738178586313,2.6209738178586313,0.0,1.2249836093248752,1.2249836093248752,4.234549499324875,2.6209738178586313,1.6135756814662439,3.00956589,0.07990342
2019-08-26 09:00:00,2.6209738178586313,2.6209738178586313,0.0,0.49853625248277034,1.7235198618076455,3.1918210334827704,2.6209738178586313,0.5708472156241391,2.693284781,0.07739776
2019-08-26 10:00:00,2.6209738178586313,2.6209738178586313,0.0,-0.29086640856986135,1.4326534532377841,3.9231331454301386,2.6209738178586313,1.3021593275715073,4.213999554,0.07702646
2019-08-26 11:00:00,3.12400703184821,2.6209738178586313,0.5030332139895788,0.2841262293139055,1.7167796825516897,3.986953377313905,2.6209738178586313,1.365979559455274,3.702827148,0.08064737
2019-08-26 12:00:00,3.1690287590000006,2.6209738178586313,0.5480549411413693,-0.16973595894736793,1.5470437236043217,2.162837122052632,2.162837122052632,0.0,2.332573081,0.08821803
2019-08-26 13:00:00,3.197599173,2.6209738178586313,0.5766253551413687,0.3324393231578946,1.8794830467622163,4.487123012157895,2.6209738178586313,1.8661491942992634,4.154683689,0.09561031
2019-08-26 14:00:00,3.2323162560000003,2.6209738178586313,0.611342438141369,-0.052090694736842025,1.8273923520253743,5.507830217263158,2.6209738178586313,2.8868563994045267,5.559920912,0.10449791
2019-08-26 15:00:00,3.707917452,2.6209738178586313,1.0869436341413685,0.5672512557894733,2.3946436078148476,5.422923009789473,2.6209738178586313,2.801949191930842,4.855671754,0.11710275
2019-08-26 16:00:00,4.161405563,2.6209738178586313,1.5404317451413685,1.014533042105263,3.4091766499201106,4.082041991105263,2.6209738178586313,1.4610681732466317,3.067508949,0.12528643
2019-08-26 17:00:00,3.9901432989999996,2.6209738178586313,1.3691694811413684,0.7977126768421052,4.206889326762216,3.1967701498421053,2.6209738178586313,0.575796331983474,2.399057473,0.12925237
2019-08-26 18:00:00,2.6209738178586313,2.6209738178586313,0.0,-1.1441511938330193,3.0627381329291965,2.4960777601669806,2.4960777601669806,0.0,3.640228954,0.15692903
2019-08-26 19:00:00,2.6209738178586313,2.6209738178586313,0.0,-1.6215071001488086,1.4412310327803879,1.0989470118511915,1.0989470118511915,0.0,2.720454112,0.17595786
2019-08-26 20:00:00,2.6209738178586317,2.6209738178586313,4.440892098500626e-16,-1.4412310327803879,0.0,4.119496301219613,2.6209738178586313,1.4985224833609814,5.560727334,0.14146548
2019-08-26 21:00:00,4.526467323,2.6209738178586313,1.905493505141369,0.0,0.0,3.575634672,2.6209738178586313,0.9546608541413688,3.575634672,0.12428657
2019-08-26 22:00:00,4.092780113,2.6209738178586313,1.4718062951413686,0.0,0.0,4.728246445,2.6209738178586313,2.1072726271413686,4.728246445,0.09761717
2019-08-26 23:00:00,3.734281778,2.6209738178586313,1.113307960141369,0.0,0.0,3.029930612,2.6209738178586313,0.40895679414136854,3.029930612,0.09042531
2019-08-27 00:00:00,3.017843485,2.6209738178586313,0.39686966714136895,0.0,0.0,3.70241207,2.6209738178586313,1.0814382521413686,3.70241207,0.08295024
2019-08-27 01:00:00,2.128952265,2.128952265,0.0,0.0,0.0,1.666596913,1.666596913,0.0,1.666596913,0.0807373
