,gt_net_load,gt_bss_p_ch,gt_bss_en,gt_load,gt_opr_net_load,gt_peak,gt_forecast
1,0.0677384780278669,-0.0,0.0,0.0677384780278669,0.0677384780278669,0.5,0.0677384780278669
2,0.044587352625937854,-0.0,0.0,0.044587352625937854,0.044587352625937854,0.5,0.044587352625937854
3,0.029367631296891895,-0.0,0.0,0.029367631296891895,0.029367631296891895,0.5,0.029367631296891895
4,0.03622722400857456,-0.0,0.0,0.03622722400857456,0.03622722400857456,0.5,0.03622722400857456
5,0.07524115755627031,-0.0,0.0,0.07524115755627031,0.07524115755627031,0.5,0.07524115755627031
6,0.1157556270096466,-0.0,0.0,0.1157556270096466,0.1157556270096466,0.5,0.1157556270096466
7,0.15241157556270138,-0.0,0.0,0.15241157556270138,0.15241157556270138,0.5,0.15241157556270138
8,0.19314040728831744,-0.0,0.0,0.19314040728831744,0.19314040728831744,0.5,0.19314040728831744
9,0.22786709539121175,-0.0,0.0,0.22786709539121175,0.22786709539121175,0.5,0.22786709539121175
10,0.25401929260450196,-0.0,0.0,0.25401929260450196,0.25401929260450196,0.5,0.25401929260450196
11,0.2806002143622727,-0.0,0.0,0.2806002143622727,0.2806002143622727,0.5,0.2806002143622727
12,0.304180064308682,-0.0,0.0,0.304180064308682,0.304180064308682,0.5,0.304180064308682
13,0.3346195069667749,-0.0,0.0,0.3346195069667749,0.3346195069667749,0.5,0.3346195069667749
14,0.36763129689174756,-0.0,0.0,0.36763129689174756,0.36763129689174756,0.5,0.36763129689174756
15,0.39442658092175753,-0.0,0.0,0.39442658092175753,0.39442658092175753,0.5,0.39442658092175753
16,0.4100750267952847,-0.0,0.0,0.4100750267952847,0.4100750267952847,0.5,0.4100750267952847
17,0.4042872454448023,-0.0,0.0,0.4042872454448023,0.4042872454448023,0.5,0.4042872454448023
18,0.3717041800643092,-0.0,0.0,0.3717041800643092,0.3717041800643092,0.5,0.3717041800643092
19,0.33740621650589503,-0.0,0.0,0.33740621650589503,0.33740621650589503,0.5,0.33740621650589503
20,0.3481243301178999,-0.0,0.0,0.3481243301178999,0.3481243301178999,0.5,0.3481243301178999
21,0.3013933547695613,-0.0,0.0,0.3013933547695613,0.3013933547695613,0.5,0.3013933547695613
22,0.23172561629153307,-0.0,0.0,0.23172561629153307,0.23172561629153307,0.5,0.23172561629153307
23,0.1672025723472672,-0.0,0.0,0.1672025723472672,0.1672025723472672,0.5,0.1672025723472672
24,0.1108252947481246,-0.0,0.0,0.1108252947481246,0.1108252947481246,0.5,0.1108252947481246
25,0.07331189710610937,-0.0,0.0,0.07331189710610937,0.07331189710610937,0.5,0.07331189710610937
26,0.04715969989281889,-0.0,0.0,0.04715969989281889,0.04715969989281889,0.5,0.04715969989281889
27,0.02979635584137183,-0.0,0.0,0.02979635584137183,0.02979635584137183,0.5,0.02979635584137183
28,0.03279742765273318,-0.0,0.0,0.03279742765273318,0.03279742765273318,0.5,0.03279742765273318
29,0.06645230439442651,-0.0,0.0,0.06645230439442651,0.06645230439442651,0.5,0.06645230439442651
30,0.10760986066452317,-0.0,0.0,0.10760986066452317,0.10760986066452317,0.5,0.10760986066452317
31,0.14555198285101842,-0.0,0.0,0.14555198285101842,0.14555198285101842,0.5,0.14555198285101842
32,0.19614147909967852,-0.0,0.0,0.19614147909967852,0.19614147909967852,0.5,0.19614147909967852
33,0.24201500535905732,-0.0,0.0,0.24201500535905732,0.24201500535905732,0.5,0.24201500535905732
34,0.28274383708467354,-0.0,0.0,0.28274383708467354,0.28274383708467354,0.5,0.28274383708467354
35,0.3181136120042879,-0.0,0.0,0.3181136120042879,0.3181136120042879,0.5,0.3181136120042879
36,0.3472668810289392,-0.0,0.0,0.3472668810289392,0.3472668810289392,0.5,0.3472668810289392
37,0.3828510182207938,-0.0,0.0,0.3828510182207938,0.3828510182207938,0.5,0.3828510182207938
38,0.41543408360128675,-0.0,0.0,0.41543408360128675,0.41543408360128675,0.5,0.41543408360128675
39,0.4435155412647381,-0.0,0.0,0.4435155412647381,0.4435155412647381,0.5,0.4435155412647381
40,0.4512325830653813,-0.0,0.0,0.4512325830653813,0.4512325830653813,0.5,0.4512325830653813
41,0.43858520900321596,-0.0,0.0,0.43858520900321596,0.43858520900321596,0.5,0.43858520900321596
42,0.3954983922829589,-0.0,0.0,0.3954983922829589,0.3954983922829589,0.5,0.3954983922829589
43,0.35412647374062217,-0.0,0.0,0.35412647374062217,0.35412647374062217,0.5,0.35412647374062217
44,0.35219721329046155,-0.0,0.0,0.35219721329046155,0.35219721329046155,0.5,0.35219721329046155
45,0.31532690246516676,-0.0,0.0,0.31532690246516676,0.31532690246516676,0.5,0.31532690246516676
46,0.244372990353698,-0.0,0.0,0.244372990353698,0.244372990353698,0.5,0.244372990353698
47,0.1757770632368706,-0.0,0.0,0.1757770632368706,0.1757770632368706,0.5,0.1757770632368706
48,0.11982851018220826,-0.0,0.0,0.11982851018220826,0.11982851018220826,0.5,0.11982851018220826
49,0.07867095391211179,-0.0,0.0,0.07867095391211179,0.07867095391211179,0.5,0.07867095391211179
50,0.047588424437299014,-0.0,0.0,0.047588424437299014,0.047588424437299014,0.5,0.047588424437299014
51,0.03365487674169343,-0.0,0.0,0.03365487674169343,0.03365487674169343,0.5,0.03365487674169343
52,0.04008574490889616,-0.0,0.0,0.04008574490889616,0.04008574490889616,0.5,0.04008574490889616
53,0.07309753483386941,-0.0,0.0,0.07309753483386941,0.07309753483386941,0.5,0.07309753483386941
54,0.11103965702036438,-0.0,0.0,0.11103965702036438,0.11103965702036438,0.5,0.11103965702036438
55,0.14276527331189742,-0.0,0.0,0.14276527331189742,0.14276527331189742,0.5,0.14276527331189742
56,0.19592711682743855,-0.0,0.0,0.19592711682743855,0.19592711682743855,0.5,0.19592711682743855
57,0.24587352625937864,-0.0,0.0,0.24587352625937864,0.24587352625937864,0.5,0.24587352625937864
58,0.2887459807073959,-0.0,0.0,0.2887459807073959,0.2887459807073959,0.5,0.2887459807073959
59,0.3279742765273317,-0.0,0.0,0.3279742765273317,0.3279742765273317,0.5,0.3279742765273317
60,0.36270096463022544,-0.0,0.0,0.36270096463022544,0.36270096463022544,0.5,0.36270096463022544
61,0.39699892818863947,-0.0,0.0,0.39699892818863947,0.39699892818863947,0.5,0.39699892818863947
62,0.42765273311897173,-0.0,0.0,0.42765273311897173,0.42765273311897173,0.5,0.42765273311897173
63,0.45016077170418106,-0.0,0.0,0.45016077170418106,0.45016077170418106,0.5,0.45016077170418106
64,0.4649517684887464,-0.0,0.0,0.4649517684887464,0.4649517684887464,0.5,0.4649517684887464
65,0.4520900321543413,-0.0,0.0,0.4520900321543413,0.4520900321543413,0.5,0.4520900321543413
66,0.402786709539122,-0.0,0.0,0.402786709539122,0.402786709539122,0.5,0.402786709539122
67,0.3556270096463029,-0.0,0.0,0.3556270096463029,0.3556270096463029,0.5,0.3556270096463029
68,0.35048231511254063,-0.0,0.0,0.35048231511254063,0.35048231511254063,0.5,0.35048231511254063
69,0.2971061093247593,-0.0,0.0,0.2971061093247593,0.2971061093247593,0.5,0.2971061093247593
70,0.231511254019293,-0.0,0.0,0.231511254019293,0.231511254019293,0.5,0.231511254019293
71,0.17384780278670925,-0.0,0.0,0.17384780278670925,0.17384780278670925,0.5,0.17384780278670925
72,0.12261521972132917,-0.0,0.0,0.12261521972132917,0.12261521972132917,0.5,0.12261521972132917
73,0.07545551982851029,-0.0,0.0,0.07545551982851029,0.07545551982851029,0.5,0.07545551982851029
74,0.050160771704180145,-0.0,0.0,0.050160771704180145,0.050160771704180145,0.5,0.050160771704180145
75,0.028938906752411293,-0.0,0.0,0.028938906752411293,0.028938906752411293,0.5,0.028938906752411293
76,0.02250803858520894,-0.0,0.0,0.02250803858520894,0.02250803858520894,0.5,0.02250803858520894
77,0.0332261521972134,-0.0,0.0,0.0332261521972134,0.0332261521972134,0.5,0.0332261521972134
78,0.030010718113611702,-0.0,0.0,0.030010718113611702,0.030010718113611702,0.5,0.030010718113611702
79,0.04415862808145773,-0.0,0.0,0.04415862808145773,0.04415862808145773,0.5,0.04415862808145773
80,0.07845659163987154,-0.0,0.0,0.07845659163987154,0.07845659163987154,0.5,0.07845659163987154
81,0.12090032154340857,-0.0,0.0,0.12090032154340857,0.12090032154340857,0.5,0.12090032154340857
82,0.16334405144694628,-0.0,0.0,0.16334405144694628,0.16334405144694628,0.5,0.16334405144694628
83,0.20150053590568093,-0.0,0.0,0.20150053590568093,0.20150053590568093,0.5,0.20150053590568093
84,0.233226152197214,-0.0,0.0,0.233226152197214,0.233226152197214,0.5,0.233226152197214
85,0.26280814576634537,-0.0,0.0,0.26280814576634537,0.26280814576634537,0.5,0.26280814576634537
86,0.2949624866023586,-0.0,0.0,0.2949624866023586,0.2949624866023586,0.5,0.2949624866023586
87,0.3245444801714901,-0.0,0.0,0.3245444801714901,0.3245444801714901,0.5,0.3245444801714901
88,0.3446945337620585,-0.0,0.0,0.3446945337620585,0.3446945337620585,0.5,0.3446945337620585
89,0.34255091103965746,-0.0,0.0,0.34255091103965746,0.34255091103965746,0.5,0.34255091103965746
90,0.3211146838156488,-0.0,0.0,0.3211146838156488,0.3211146838156488,0.5,0.3211146838156488
91,0.29067524115755655,-0.0,0.0,0.29067524115755655,0.29067524115755655,0.5,0.29067524115755655
92,0.2872454448017154,-0.0,0.0,0.2872454448017154,0.2872454448017154,0.5,0.2872454448017154
93,0.246516613076099,-0.0,0.0,0.246516613076099,0.246516613076099,0.5,0.246516613076099
94,0.19614147909967852,-0.0,0.0,0.19614147909967852,0.19614147909967852,0.5,0.19614147909967852
95,0.1446945337620579,-0.0,0.0,0.1446945337620579,0.1446945337620579,0.5,0.1446945337620579
96,0.08681672025723522,-0.0,0.0,0.08681672025723522,0.08681672025723522,0.5,0.08681672025723522
97,0.051875669882100836,-0.0,0.0,0.051875669882100836,0.051875669882100836,0.5,0.051875669882100836
98,0.026366559485530447,-0.0,0.0,0.026366559485530447,0.026366559485530447,0.5,0.026366559485530447
99,0.0066452304394426995,-0.0,0.0,0.0066452304394426995,0.0066452304394426995,0.5,0.0066452304394426995
100,0.0,-0.0,0.0,0.0,0.0,0.5,0.0
101,0.005787781350482354,-0.0,0.0,0.005787781350482354,0.005787781350482354,0.5,0.005787781350482354
102,0.003858520900321601,-0.0,0.0,0.003858520900321601,0.003858520900321601,0.5,0.003858520900321601
103,0.006859592711682762,-0.0,0.0,0.006859592711682762,0.006859592711682762,0.5,0.006859592711682762
104,0.03301178992497334,-0.0,0.0,0.03301178992497334,0.03301178992497334,0.5,0.03301178992497334
105,0.0653804930332263,-0.0,0.0,0.0653804930332263,0.0653804930332263,0.5,0.0653804930332263
106,0.09581993569131841,-0.0,0.0,0.09581993569131841,0.09581993569131841,0.5,0.09581993569131841
107,0.13118971061093243,-0.0,0.0,0.13118971061093243,0.13118971061093243,0.5,0.13118971061093243
108,0.16806002143622747,-0.0,0.0,0.16806002143622747,0.16806002143622747,0.5,0.16806002143622747
109,0.20750267952840334,-0.0,0.0,0.20750267952840334,0.20750267952840334,0.5,0.20750267952840334
110,0.24801714898177982,-0.0,0.0,0.24801714898177982,0.24801714898177982,0.5,0.24801714898177982
111,0.2816720257234729,-0.0,0.0,0.2816720257234729,0.2816720257234729,0.5,0.2816720257234729
112,0.303751339764202,-0.0,0.0,0.303751339764202,0.303751339764202,0.5,0.303751339764202
113,0.3018220793140409,-0.0,0.0,0.3018220793140409,0.3018220793140409,0.5,0.3018220793140409
114,0.28231511254019315,-0.0,0.0,0.28231511254019315,0.28231511254019315,0.5,0.28231511254019315
115,0.2621650589496251,-0.0,0.0,0.2621650589496251,0.2621650589496251,0.5,0.2621650589496251
116,0.2630225080385856,-0.0,0.0,0.2630225080385856,0.2630225080385856,0.5,0.2630225080385856
117,0.22336548767416997,-0.0,0.0,0.22336548767416997,0.22336548767416997,0.5,0.22336548767416997
118,0.1727759914255097,-0.0,0.0,0.1727759914255097,0.1727759914255097,0.5,0.1727759914255097
119,0.11554126473740645,-0.0,0.0,0.11554126473740645,0.11554126473740645,0.5,0.11554126473740645
120,0.06645230439442651,-0.0,0.0,0.06645230439442651,0.06645230439442651,0.5,0.06645230439442651
121,0.0377277599142549,-0.0,0.0,0.0377277599142549,0.0377277599142549,0.5,0.0377277599142549
122,0.018863879957127596,-0.0,0.0,0.018863879957127596,0.018863879957127596,0.5,0.018863879957127596
123,0.01178992497320477,-0.0,0.0,0.01178992497320477,0.01178992497320477,0.5,0.01178992497320477
124,0.02250803858520894,-0.0,0.0,0.02250803858520894,0.02250803858520894,0.5,0.02250803858520894
125,0.059163987138263915,-0.0,0.0,0.059163987138263915,0.059163987138263915,0.5,0.059163987138263915
126,0.10868167202572358,-0.0,0.0,0.10868167202572358,0.10868167202572358,0.5,0.10868167202572358
127,0.15198285101822087,-0.0,0.0,0.15198285101822087,0.15198285101822087,0.5,0.15198285101822087
128,0.20000000000000012,-0.0,0.0,0.20000000000000012,0.20000000000000012,0.5,0.20000000000000012
129,0.25509110396570245,-0.0,0.0,0.25509110396570245,0.25509110396570245,0.5,0.25509110396570245
130,0.2953912111468387,-0.0,0.0,0.2953912111468387,0.2953912111468387,0.5,0.2953912111468387
131,0.2949624866023586,-0.0,0.0,0.2949624866023586,0.2949624866023586,0.5,0.2949624866023586
132,0.32325830653804993,-0.0,0.0,0.32325830653804993,0.32325830653804993,0.5,0.32325830653804993
133,0.3594855305466244,-0.0,0.0,0.3594855305466244,0.3594855305466244,0.5,0.3594855305466244
134,0.4012861736334409,-0.0,0.0,0.4012861736334409,0.4012861736334409,0.5,0.4012861736334409
135,0.43965702036441656,-0.0,0.0,0.43965702036441656,0.43965702036441656,0.5,0.43965702036441656
136,0.4595927116827442,-0.0,0.0,0.4595927116827442,0.4595927116827442,0.5,0.4595927116827442
137,0.44780278670954027,-0.0,0.0,0.44780278670954027,0.44780278670954027,0.5,0.44780278670954027
138,0.40514469453376295,-0.0,0.0,0.40514469453376295,0.40514469453376295,0.5,0.40514469453376295
139,0.36806002143622807,-0.0,0.0,0.36806002143622807,0.36806002143622807,0.5,0.36806002143622807
140,0.35412647374062217,-0.0,0.0,0.35412647374062217,0.35412647374062217,0.5,0.35412647374062217
141,0.29453376205787807,-0.0,0.0,0.29453376205787807,0.29453376205787807,0.5,0.29453376205787807
142,0.21779206859592787,-0.0,0.0,0.21779206859592787,0.21779206859592787,0.5,0.21779206859592787
143,0.1468381564844592,-0.0,0.0,0.1468381564844592,0.1468381564844592,0.5,0.1468381564844592
144,0.08767416934619518,-0.0,0.0,0.08767416934619518,0.08767416934619518,0.5,0.08767416934619518
145,0.050375133976420114,-0.0,0.0,0.050375133976420114,0.050375133976420114,0.5,0.050375133976420114
146,0.02465166130760995,-0.0,0.0,0.02465166130760995,0.02465166130760995,0.5,0.02465166130760995
147,0.012004287245444643,-0.0,0.0,0.012004287245444643,0.012004287245444643,0.5,0.012004287245444643
148,0.015648445873526085,-0.0,0.0,0.015648445873526085,0.015648445873526085,0.5,0.015648445873526085
149,0.0465166130760988,-0.0,0.0,0.0465166130760988,0.0465166130760988,0.5,0.0465166130760988
150,0.09067524115755662,-0.0,0.0,0.09067524115755662,0.09067524115755662,0.5,0.09067524115755662
151,0.13569131832797432,-0.0,0.0,0.13569131832797432,0.13569131832797432,0.5,0.13569131832797432
152,0.18628081457663498,-0.0,0.0,0.18628081457663498,0.18628081457663498,0.5,0.18628081457663498
153,0.2385852090032163,-0.0,0.0,0.2385852090032163,0.2385852090032163,0.5,0.2385852090032163
154,0.28424437299035393,-0.0,0.0,0.28424437299035393,0.28424437299035393,0.5,0.28424437299035393
155,0.3311897106109338,-0.0,0.0,0.3311897106109338,0.3311897106109338,0.5,0.3311897106109338
156,0.3747052518756705,-0.0,0.0,0.3747052518756705,0.3747052518756705,0.5,0.3747052518756705
157,0.41264737406216584,-0.0,0.0,0.41264737406216584,0.41264737406216584,0.5,0.41264737406216584
158,0.4632368703108259,-0.0,0.0,0.4632368703108259,0.4632368703108259,0.5,0.4632368703108259
159,0.5003215434083615,-0.0,0.0,0.5003215434083615,0.5003215434083615,0.5003215434083615,0.5003215434083615
160,0.5202572347266888,-0.0,0.0,0.5202572347266888,0.5202572347266888,0.5202572347266888,0.5202572347266888
161,0.5084673097534841,-0.0,0.0,0.5084673097534841,0.5084673097534841,0.5202572347266888,0.5084673097534841
162,0.45294748124330175,-0.0,0.0,0.45294748124330175,0.45294748124330175,0.5202572347266888,0.45294748124330175
163,0.40257234726688146,-0.0,0.0,0.40257234726688146,0.40257234726688146,0.5202572347266888,0.40257234726688146
164,0.38478027867095466,-0.0,0.0,0.38478027867095466,0.38478027867095466,0.5202572347266888,0.38478027867095466
165,0.3247588424437302,-0.0,0.0,0.3247588424437302,0.3247588424437302,0.5202572347266888,0.3247588424437302
166,0.24565916398713858,-0.0,0.0,0.24565916398713858,0.24565916398713858,0.5202572347266888,0.24565916398713858
167,0.17041800643086835,-0.0,0.0,0.17041800643086835,0.17041800643086835,0.5202572347266888,0.17041800643086835
168,0.12004287245444814,-0.0,0.0,0.12004287245444814,0.12004287245444814,0.5202572347266888,0.12004287245444814
169,0.08274383708467337,-0.0,0.0,0.08274383708467337,0.08274383708467337,0.5202572347266888,0.08274383708467337
170,0.05123258306538055,-0.0,0.0,0.05123258306538055,0.05123258306538055,0.5202572347266888,0.05123258306538055
171,0.036441586280814633,-0.0,0.0,0.03644158628081463,0.03644158628081463,0.5202572347266888,0.03644158628081463
172,0.04158628081457679,-0.0,0.0,0.04158628081457679,0.04158628081457679,0.5202572347266888,0.04158628081457679
173,0.07566988210075025,-0.0,0.0,0.07566988210075025,0.07566988210075025,0.5202572347266888,0.07566988210075025
174,0.12218649517684914,-0.0,0.0,0.12218649517684914,0.12218649517684914,0.5202572347266888,0.12218649517684914
175,0.16141479099678457,-0.0,0.0,0.16141479099678457,0.16141479099678457,0.5202572347266888,0.16141479099678457
176,0.20493033226152213,-0.0,0.0,0.20493033226152213,0.20493033226152213,0.5202572347266888,0.20493033226152213
177,0.23751339764201554,-0.0,0.0,0.23751339764201554,0.23751339764201554,0.5202572347266888,0.23751339764201554
178,0.27009646302250856,-0.0,0.0,0.27009646302250856,0.27009646302250856,0.5202572347266888,0.27009646302250856
179,0.30503751339764235,-0.0,0.0,0.30503751339764235,0.30503751339764235,0.5202572347266888,0.30503751339764235
180,0.335262593783495,-0.0,0.0,0.335262593783495,0.335262593783495,0.5202572347266888,0.335262593783495
181,0.3719185423365496,-0.0,0.0,0.3719185423365496,0.3719185423365496,0.5202572347266888,0.3719185423365496
182,0.40793140407288386,-0.0,0.0,0.40793140407288386,0.40793140407288386,0.5202572347266888,0.40793140407288386
183,0.43901393354769624,-0.0,0.0,0.43901393354769624,0.43901393354769624,0.5202572347266888,0.43901393354769624
184,0.4437299035369782,-0.0,0.0,0.4437299035369782,0.4437299035369782,0.5202572347266888,0.4437299035369782
185,0.4265809217577713,-0.0,0.0,0.4265809217577713,0.4265809217577713,0.5202572347266888,0.4265809217577713
186,0.3725616291532697,-0.0,0.0,0.3725616291532697,0.3725616291532697,0.5202572347266888,0.3725616291532697
187,0.3369774919614153,-0.0,0.0,0.3369774919614153,0.3369774919614153,0.5202572347266888,0.3369774919614153
188,0.33440514469453414,-0.0,0.0,0.33440514469453414,0.33440514469453414,0.5202572347266888,0.33440514469453414
189,0.2814576634512331,-0.0,0.0,0.2814576634512331,0.2814576634512331,0.5202572347266888,0.2814576634512331
190,0.21414790996784613,-0.0,0.0,0.21414790996784613,0.21414790996784613,0.5202572347266888,0.21414790996784613
191,0.14919614147909988,-0.0,0.0,0.14919614147909988,0.14919614147909988,0.5202572347266888,0.14919614147909988
192,0.09774919614147935,-0.0,0.0,0.09774919614147935,0.09774919614147935,0.5202572347266888,0.09774919614147935
193,0.060878885316184225,-0.0,0.0,0.060878885316184225,0.060878885316184225,0.5202572347266888,0.060878885316184225
194,0.03708467309753491,-0.0,0.0,0.03708467309753491,0.03708467309753491,0.5202572347266888,0.03708467309753491
195,0.024222936763129727,-0.0,0.0,0.024222936763129727,0.024222936763129727,0.5202572347266888,0.024222936763129727
196,0.032154340836012894,-0.0,0.0,0.032154340836012894,0.032154340836012894,0.5202572347266888,0.032154340836012894
197,0.06966773847802803,-0.0,0.0,0.06966773847802803,0.06966773847802803,0.5202572347266888,0.06966773847802803
198,0.12347266881028952,-0.0,0.0,0.12347266881028952,0.12347266881028952,0.5202572347266888,0.12347266881028952
199,0.16227224008574512,-0.0,0.0,0.16227224008574512,0.16227224008574512,0.5202572347266888,0.16227224008574512
200,0.19657020364415903,-0.0,0.0,0.19657020364415903,0.19657020364415903,0.5202572347266888,0.19657020364415903
201,0.2295819935691317,-0.0,0.0,0.2295819935691317,0.2295819935691317,0.5202572347266888,0.2295819935691317
202,0.2499464094319401,-0.0,0.0,0.2499464094319401,0.2499464094319401,0.5202572347266888,0.2499464094319401
203,0.27331189710611,-0.0,0.0,0.27331189710611,0.27331189710611,0.5202572347266888,0.27331189710611
204,0.30503751339764235,-0.0,0.0,0.30503751339764235,0.30503751339764235,0.5202572347266888,0.30503751339764235
205,0.3474812433011796,-0.0,0.0,0.3474812433011796,0.3474812433011796,0.5202572347266888,0.3474812433011796
206,0.3957127545551987,-0.0,0.0,0.3957127545551987,0.3957127545551987,0.5202572347266888,0.3957127545551987
207,0.4310825294748131,-0.0,0.0,0.4310825294748131,0.4310825294748131,0.5202572347266888,0.4310825294748131
208,0.4392282958199362,-0.0,0.0,0.4392282958199362,0.4392282958199362,0.5202572347266888,0.4392282958199362
209,0.42165058949624923,-0.0,0.0,0.42165058949624923,0.42165058949624923,0.5202572347266888,0.42165058949624923
210,0.3667738478027873,-0.0,0.0,0.3667738478027873,0.3667738478027873,0.5202572347266888,0.3667738478027873
211,0.3369774919614153,-0.0,0.0,0.3369774919614153,0.3369774919614153,0.5202572347266888,0.3369774919614153
212,0.3303322615219725,-0.0,0.0,0.3303322615219725,0.3303322615219725,0.5202572347266888,0.3303322615219725
213,0.2806002143622727,-0.0,0.0,0.2806002143622727,0.2806002143622727,0.5202572347266888,0.2806002143622727
214,0.21779206859592787,-0.0,0.0,0.21779206859592787,0.21779206859592787,0.5202572347266888,0.21779206859592787
215,0.1545551982851021,-0.0,0.0,0.1545551982851021,0.1545551982851021,0.5202572347266888,0.1545551982851021
216,0.09024651661307612,-0.0,0.0,0.09024651661307612,0.09024651661307612,0.5202572347266888,0.09024651661307612
217,0.054876741693461996,-0.0,0.0,0.054876741693461996,0.054876741693461996,0.5202572347266888,0.054876741693461996
218,0.032154340836012894,-0.0,0.0,0.032154340836012894,0.032154340836012894,0.5202572347266888,0.032154340836012894
219,0.019078242229367562,-0.0,0.0,0.019078242229367562,0.019078242229367562,0.5202572347266888,0.019078242229367562
220,0.02315112540192913,-0.0,0.0,0.02315112540192913,0.02315112540192913,0.5202572347266888,0.02315112540192913
221,0.054662379421222124,-0.0,0.0,0.054662379421222124,0.054662379421222124,0.5202572347266888,0.054662379421222124
222,0.10846730975348372,-0.0,0.0,0.10846730975348372,0.10846730975348372,0.5202572347266888,0.10846730975348372
223,0.15198285101822087,-0.0,0.0,0.15198285101822087,0.15198285101822087,0.5202572347266888,0.15198285101822087
224,0.1954983922829587,-0.0,0.0,0.1954983922829587,0.1954983922829587,0.5202572347266888,0.1954983922829587
225,0.23236870310825336,-0.0,0.0,0.23236870310825336,0.23236870310825336,0.5202572347266888,0.23236870310825336
226,0.2647374062165063,-0.0,0.0,0.2647374062165063,0.2647374062165063,0.5202572347266888,0.2647374062165063
227,0.30675241157556316,-0.0,0.0,0.30675241157556316,0.30675241157556316,0.5202572347266888,0.30675241157556316
228,0.3414790996784571,-0.0,0.0,0.3414790996784571,0.3414790996784571,0.5202572347266888,0.3414790996784571
229,0.3813504823151135,-0.0,0.0,0.3813504823151135,0.3813504823151135,0.5202572347266888,0.3813504823151135
230,0.42593783494105103,-0.0,0.0,0.42593783494105103,0.42593783494105103,0.5202572347266888,0.42593783494105103
231,0.4621650589496257,-0.0,0.0,0.4621650589496257,0.4621650589496257,0.5202572347266888,0.4621650589496257
232,0.48231511254019366,-0.0,0.0,0.48231511254019366,0.48231511254019366,0.5202572347266888,0.48231511254019366
233,0.4623794212218658,-0.0,0.0,0.4623794212218658,0.4623794212218658,0.5202572347266888,0.4623794212218658
234,0.4038585209003222,-0.0,0.0,0.4038585209003222,0.4038585209003222,0.5202572347266888,0.4038585209003222
235,0.3642015005359064,-0.0,0.0,0.3642015005359064,0.3642015005359064,0.5202572347266888,0.3642015005359064
236,0.34190782422293736,-0.0,0.0,0.34190782422293736,0.34190782422293736,0.5202572347266888,0.34190782422293736
237,0.28467309753483433,-0.0,0.0,0.28467309753483433,0.28467309753483433,0.5202572347266888,0.28467309753483433
238,0.22079314040728865,-0.0,0.0,0.22079314040728865,0.22079314040728865,0.5202572347266888,0.22079314040728865
239,0.1616291532690251,-0.0,0.0,0.1616291532690251,0.1616291532690251,0.5202572347266888,0.1616291532690251
240,0.10975348338692399,-0.0,0.0,0.10975348338692399,0.10975348338692399,0.5202572347266888,0.10975348338692399
241,0.06966773847802803,-0.0,0.0,0.06966773847802803,0.06966773847802803,0.5202572347266888,0.06966773847802803
242,0.04287245444801736,-0.0,0.0,0.04287245444801736,0.04287245444801736,0.5202572347266888,0.04287245444801736
243,0.024866023579849916,-0.0,0.0,0.024866023579849916,0.024866023579849916,0.5202572347266888,0.024866023579849916
244,0.016720257234726876,-0.0,0.0,0.016720257234726876,0.016720257234726876,0.5202572347266888,0.016720257234726876
245,0.023365487674169384,-0.0,0.0,0.023365487674169384,0.023365487674169384,0.5202572347266888,0.023365487674169384
246,0.03494105037513409,-0.0,0.0,0.03494105037513409,0.03494105037513409,0.5202572347266888,0.03494105037513409
247,0.054876741693461996,-0.0,0.0,0.054876741693461996,0.054876741693461996,0.5202572347266888,0.054876741693461996
248,0.10868167202572358,-0.0,0.0,0.10868167202572358,0.10868167202572358,0.5202572347266888,0.10868167202572358
249,0.16741693461950738,-0.0,0.0,0.16741693461950738,0.16741693461950738,0.5202572347266888,0.16741693461950738
250,0.2244372990353699,-0.0,0.0,0.2244372990353699,0.2244372990353699,0.5202572347266888,0.2244372990353699
251,0.286602357984995,-0.0,0.0,0.286602357984995,0.286602357984995,0.5202572347266888,0.286602357984995
252,0.35412647374062217,-0.0,0.0,0.35412647374062217,0.35412647374062217,0.5202572347266888,0.35412647374062217
253,0.4165058949624873,-0.0,0.0,0.4165058949624873,0.4165058949624873,0.5202572347266888,0.4165058949624873
254,0.4752411575562707,-0.0,0.0,0.4752411575562707,0.4752411575562707,0.5202572347266888,0.4752411575562707
255,0.5204715969989292,-0.0,0.0,0.5204715969989292,0.5204715969989292,0.5204715969989292,0.5204715969989292
256,0.5352625937834956,-0.0,0.0,0.5352625937834956,0.5352625937834956,0.5352625937834956,0.5352625937834956
257,0.5211146838156491,-0.0,0.0,0.5211146838156491,0.5211146838156491,0.5352625937834956,0.5211146838156491
258,0.4838156484458742,-0.0,0.0,0.4838156484458742,0.4838156484458742,0.5352625937834956,0.4838156484458742
259,0.4458735262593794,-0.0,0.0,0.4458735262593794,0.4458735262593794,0.5352625937834956,0.4458735262593794
260,0.4139335476956062,-0.0,0.0,0.4139335476956062,0.4139335476956062,0.5352625937834956,0.4139335476956062
261,0.3468381564844589,-0.0,0.0,0.3468381564844589,0.3468381564844589,0.5352625937834956,0.3468381564844589
262,0.27502679528403,-0.0,0.0,0.27502679528403,0.27502679528403,0.5352625937834956,0.27502679528403
263,0.20921757770632413,-0.0,0.0,0.20921757770632413,0.20921757770632413,0.5352625937834956,0.20921757770632413
264,0.1468381564844592,-0.0,0.0,0.1468381564844592,0.1468381564844592,0.5352625937834956,0.1468381564844592
265,0.10010718113611966,-0.0,0.0,0.10010718113611966,0.10010718113611966,0.5352625937834956,0.10010718113611966
266,0.06409431939978555,-0.0,0.0,0.06409431939978555,0.06409431939978555,0.5352625937834956,0.06409431939978555
267,0.041371918542336725,-0.0,0.0,0.041371918542336725,0.041371918542336725,0.5352625937834956,0.041371918542336725
268,0.029367631296891895,-0.0,0.0,0.029367631296891895,0.029367631296891895,0.5352625937834956,0.029367631296891895
269,0.027867095391211266,-0.0,0.0,0.027867095391211266,0.027867095391211266,0.5352625937834956,0.027867095391211266
270,0.023365487674169384,-0.0,0.0,0.023365487674169384,0.023365487674169384,0.5352625937834956,0.023365487674169384
271,0.03365487674169343,-0.0,0.0,0.03365487674169343,0.03365487674169343,0.5352625937834956,0.03365487674169343
272,0.07374062165058941,-0.0,0.0,0.07374062165058941,0.07374062165058941,0.5352625937834956,0.07374062165058941
273,0.12883172561629183,-0.0,0.0,0.12883172561629183,0.12883172561629183,0.5352625937834956,0.12883172561629183
274,0.2040728831725616,-0.0,0.0,0.2040728831725616,0.2040728831725616,0.5352625937834956,0.2040728831725616
275,0.28381564844587387,-0.0,0.0,0.28381564844587387,0.28381564844587387,0.5352625937834956,0.28381564844587387
276,0.3584137191854242,-0.0,0.0,0.3584137191854242,0.3584137191854242,0.5352625937834956,0.3584137191854242
277,0.4210075026795289,-0.0,0.0,0.4210075026795289,0.4210075026795289,0.5352625937834956,0.4210075026795289
278,0.4698821007502691,-0.0,0.0,0.4698821007502691,0.4698821007502691,0.5352625937834956,0.4698821007502691
279,0.5009646302250811,-0.0,0.0,0.5009646302250811,0.5009646302250811,0.5352625937834956,0.5009646302250811
280,0.52218649517685,-0.0,0.0,0.52218649517685,0.52218649517685,0.5352625937834956,0.52218649517685
281,0.5200428724544488,-0.0,0.0,0.5200428724544488,0.5200428724544488,0.5352625937834956,0.5200428724544488
282,0.4943193997856381,-0.0,0.0,0.4943193997856381,0.4943193997856381,0.5352625937834956,0.4943193997856381
283,0.4613076098606662,-0.0,0.0,0.4613076098606662,0.4613076098606662,0.5352625937834956,0.4613076098606662
284,0.4422293676312983,-0.0,0.0,0.4422293676312983,0.4422293676312983,0.5352625937834956,0.4422293676312983
285,0.3897106109324768,-0.0,0.0,0.3897106109324768,0.3897106109324768,0.5352625937834956,0.3897106109324768
286,0.3123258306538058,-0.0,0.0,0.3123258306538058,0.3123258306538058,0.5352625937834956,0.3123258306538058
287,0.23129689174705267,-0.0,0.0,0.23129689174705267,0.23129689174705267,0.5352625937834956,0.23129689174705267
288,0.16270096463022535,-0.0,0.0,0.16270096463022535,0.16270096463022535,0.5352625937834956,0.16270096463022535
289,0.11618435155412672,-0.0,0.0,0.11618435155412672,0.11618435155412672,0.5352625937834956,0.11618435155412672
290,0.08810289389067512,-0.0,0.0,0.08810289389067512,0.08810289389067512,0.5352625937834956,0.08810289389067512
291,0.07052518756698838,-0.0,0.0,0.07052518756698838,0.07052518756698838,0.5352625937834956,0.07052518756698838
292,0.07331189710610937,-0.0,0.0,0.07331189710610937,0.07331189710610937,0.5352625937834956,0.07331189710610937
293,0.10353697749196124,-0.0,0.0,0.10353697749196124,0.10353697749196124,0.5352625937834956,0.10353697749196124
294,0.15284030010718083,-0.0,0.0,0.15284030010718083,0.15284030010718083,0.5352625937834956,0.15284030010718083
295,0.2027867095391215,-0.0,0.0,0.2027867095391215,0.2027867095391215,0.5352625937834956,0.2027867095391215
296,0.27502679528403,-0.0,0.0,0.27502679528403,0.27502679528403,0.5352625937834956,0.27502679528403
297,0.35284030010718165,-0.0,0.0,0.35284030010718165,0.35284030010718165,0.5352625937834956,0.35284030010718165
298,0.43451232583065486,-0.0,0.0,0.43451232583065486,0.43451232583065486,0.5352625937834956,0.43451232583065486
299,0.5239013933547704,-0.0,0.0,0.5239013933547704,0.5239013933547704,0.5352625937834956,0.5239013933547704
300,0.6102893890675247,-0.0,0.0,0.6102893890675247,0.6102893890675247,0.6102893890675247,0.6102893890675247
301,0.6844587352625952,-0.0,0.0,0.6844587352625952,0.6844587352625952,0.6844587352625952,0.6844587352625952
302,0.736334405144696,-0.0,0.0,0.736334405144696,0.736334405144696,0.736334405144696,0.736334405144696
303,0.7751339764201514,-0.0,0.0,0.7751339764201514,0.7751339764201514,0.7751339764201514,0.7751339764201514
304,0.7935691318327991,-0.0,0.0,0.7935691318327991,0.7935691318327991,0.7935691318327991,0.7935691318327991
305,0.7637727759914269,-0.0,0.0,0.7637727759914269,0.7637727759914269,0.7935691318327991,0.7637727759914269
306,0.6949624866023595,-0.0,0.0,0.6949624866023595,0.6949624866023595,0.7935691318327991,0.6949624866023595
307,0.6475884244373,-0.0,0.0,0.6475884244373,0.6475884244373,0.7935691318327991,0.6475884244373
308,0.6177920685959292,-0.0,0.0,0.6177920685959292,0.6177920685959292,0.7935691318327991,0.6177920685959292
309,0.5427652733118985,-0.0,0.0,0.5427652733118985,0.5427652733118985,0.7935691318327991,0.5427652733118985
310,0.44180064308681755,-0.0,0.0,0.44180064308681755,0.44180064308681755,0.7935691318327991,0.44180064308681755
311,0.3440514469453382,-0.0,0.0,0.3440514469453382,0.3440514469453382,0.7935691318327991,0.3440514469453382
312,0.2636655948553057,-0.0,0.0,0.2636655948553057,0.2636655948553057,0.7935691318327991,0.2636655948553057
313,0.20493033226152213,-0.0,0.0,0.20493033226152213,0.20493033226152213,0.7935691318327991,0.20493033226152213
314,0.16312968917470555,-0.0,0.0,0.16312968917470555,0.16312968917470555,0.7935691318327991,0.16312968917470555
315,0.13654876741693506,-0.0,0.0,0.13654876741693506,0.13654876741693506,0.7935691318327991,0.13654876741693506
316,0.13440514469453413,-0.0,0.0,0.13440514469453413,0.13440514469453413,0.7935691318327991,0.13440514469453413
317,0.16270096463022535,-0.0,0.0,0.16270096463022535,0.16270096463022535,0.7935691318327991,0.16270096463022535
318,0.21307609860664573,-0.0,0.0,0.21307609860664573,0.21307609860664573,0.7935691318327991,0.21307609860664573
319,0.2726688102893892,-0.0,0.0,0.2726688102893892,0.2726688102893892,0.7935691318327991,0.2726688102893892
320,0.3612004287245451,-0.0,0.0,0.3612004287245451,0.3612004287245451,0.7935691318327991,0.3612004287245451
321,0.44737406216506015,-0.0,0.0,0.44737406216506015,0.44737406216506015,0.7935691318327991,0.44737406216506015
322,0.5429796355841379,-0.0,0.0,0.5429796355841379,0.5429796355841379,0.7935691318327991,0.5429796355841379
323,0.6379421221864953,-0.0,0.0,0.6379421221864953,0.6379421221864953,0.7935691318327991,0.6379421221864953
324,0.7151125401929268,-0.0,0.0,0.7151125401929268,0.7151125401929268,0.7935691318327991,0.7151125401929268
325,0.7800643086816723,-0.0,0.0,0.7800643086816723,0.7800643086816723,0.7935691318327991,0.7800643086816723
326,0.8370846730975364,-0.0,0.0,0.8370846730975364,0.8370846730975364,0.8370846730975364,0.8370846730975364
327,0.8851018220793151,-0.0,0.0,0.8851018220793151,0.8851018220793151,0.8851018220793151,0.8851018220793151
328,0.9016077170418021,-0.0,0.0,0.9016077170418021,0.9016077170418021,0.9016077170418021,0.9016077170418021
329,0.8602357984994671,-0.0,0.0,0.8602357984994671,0.8602357984994671,0.9016077170418021,0.8602357984994671
330,0.7862808145766355,-0.0,0.0,0.7862808145766355,0.7862808145766355,0.9016077170418021,0.7862808145766355
331,0.74748124330118,-0.0,0.0,0.74748124330118,0.74748124330118,0.9016077170418021,0.74748124330118
332,0.704394426580923,-0.0,0.0,0.704394426580923,0.704394426580923,0.9016077170418021,0.704394426580923
333,0.6135048231511268,-0.0,0.0,0.6135048231511268,0.6135048231511268,0.9016077170418021,0.6135048231511268
334,0.5065380493033231,-0.0,0.0,0.5065380493033231,0.5065380493033231,0.9016077170418021,0.5065380493033231
335,0.39678456591639966,-0.0,0.0,0.39678456591639966,0.39678456591639966,0.9016077170418021,0.39678456591639966
336,0.32004287245444885,-0.0,0.0,0.32004287245444885,0.32004287245444885,0.9016077170418021,0.32004287245444885
337,0.2559485530546627,-0.0,0.0,0.2559485530546627,0.2559485530546627,0.9016077170418021,0.2559485530546627
338,0.20685959271168305,-0.0,0.0,0.20685959271168305,0.20685959271168305,0.9016077170418021,0.20685959271168305
339,0.17727759914255112,-0.0,0.0,0.17727759914255112,0.17727759914255112,0.9016077170418021,0.17727759914255112
340,0.17084673097534855,-0.0,0.0,0.17084673097534855,0.17084673097534855,0.9016077170418021,0.17084673097534855
341,0.19464094319399808,-0.0,0.0,0.19464094319399808,0.19464094319399808,0.9016077170418021,0.19464094319399808
342,0.25016077170418094,-0.0,0.0,0.25016077170418094,0.25016077170418094,0.9016077170418021,0.25016077170418094
343,0.3103965702036445,-0.0,0.0,0.3103965702036445,0.3103965702036445,0.9016077170418021,0.3103965702036445
344,0.40450160771704247,-0.0,0.0,0.40450160771704247,0.40450160771704247,0.9016077170418021,0.40450160771704247
345,0.505680600214363,-0.0,0.0,0.505680600214363,0.505680600214363,0.9016077170418021,0.505680600214363
346,0.6122186495176858,-0.0,0.0,0.6122186495176858,0.6122186495176858,0.9016077170418021,0.6122186495176858
347,0.7080385852090041,-0.0,0.0,0.7080385852090041,0.7080385852090041,0.9016077170418021,0.7080385852090041
348,0.7755627009646321,-0.0,0.0,0.7755627009646321,0.7755627009646321,0.9016077170418021,0.7755627009646321
349,0.8334405144694544,-0.0,0.0,0.8334405144694544,0.8334405144694544,0.9016077170418021,0.8334405144694544
350,0.8855305466237958,-0.0,0.0,0.8855305466237958,0.8855305466237958,0.9016077170418021,0.8855305466237958
351,0.9093247588424451,-0.0,0.0,0.9093247588424451,0.9093247588424451,0.9093247588424451,0.9093247588424451
352,0.9187566988210086,-0.0,0.0,0.9187566988210086,0.9187566988210086,0.9187566988210086,0.9187566988210086
353,0.8958199356913218,-0.0,0.0,0.8958199356913218,0.8958199356913218,0.9187566988210086,0.8958199356913218
354,0.831939978563774,-0.0,0.0,0.831939978563774,0.831939978563774,0.9187566988210086,0.831939978563774
355,0.7916398713826376,-0.0,0.0,0.7916398713826376,0.7916398713826376,0.9187566988210086,0.7916398713826376
356,0.7536977491961425,-0.0,0.0,0.7536977491961425,0.7536977491961425,0.9187566988210086,0.7536977491961425
357,0.6812433011789936,-0.0,0.0,0.6812433011789936,0.6812433011789936,0.9187566988210086,0.6812433011789936
358,0.5699892818863896,-0.0,0.0,0.5699892818863896,0.5699892818863896,0.9187566988210086,0.5699892818863896
359,0.4666666666666669,-0.0,0.0,0.4666666666666669,0.4666666666666669,0.9187566988210086,0.4666666666666669
360,0.37341907824222953,-0.0,0.0,0.37341907824222953,0.37341907824222953,0.9187566988210086,0.37341907824222953
361,0.3099678456591639,-0.0,0.0,0.3099678456591639,0.3099678456591639,0.9187566988210086,0.3099678456591639
362,0.2621650589496251,-0.0,0.0,0.2621650589496251,0.2621650589496251,0.9187566988210086,0.2621650589496251
363,0.23043944265809232,-0.0,0.0,0.23043944265809232,0.23043944265809232,0.9187566988210086,0.23043944265809232
364,0.2250803858520902,-0.0,0.0,0.2250803858520902,0.2250803858520902,0.9187566988210086,0.2250803858520902
365,0.247802786709539,-0.0,0.0,0.247802786709539,0.247802786709539,0.9187566988210086,0.247802786709539
366,0.30610932475884267,-0.0,0.0,0.30610932475884267,0.30610932475884267,0.9187566988210086,0.30610932475884267
367,0.3661307609860672,-0.0,0.0,0.3661307609860672,0.3661307609860672,0.9187566988210086,0.3661307609860672
368,0.45530546623794255,-0.0,0.0,0.45530546623794255,0.45530546623794255,0.9187566988210086,0.45530546623794255
369,0.5564844587352636,-0.0,0.0,0.5564844587352636,0.5564844587352636,0.9187566988210086,0.5564844587352636
370,0.6705251875669899,-0.0,0.0,0.6705251875669899,0.6705251875669899,0.9187566988210086,0.6705251875669899
371,0.7680600214362286,-0.0,0.0,0.7680600214362286,0.7680600214362286,0.9187566988210086,0.7680600214362286
372,0.8499464094319411,-0.0,0.0,0.8499464094319411,0.8499464094319411,0.9187566988210086,0.8499464094319411
373,0.9215434083601286,-0.0,0.0,0.9215434083601286,0.9215434083601286,0.9215434083601286,0.9215434083601286
374,0.9691318327974288,-0.0,0.0,0.9691318327974288,0.9691318327974288,0.9691318327974288,0.9691318327974288
375,0.9892818863879986,-0.0,0.0,0.9892818863879986,0.9892818863879986,0.9892818863879986,0.9892818863879986
376,1.0,-0.0,0.0,1.0,1.0,1.0,1.0
377,0.951339764201503,-0.0,0.0,0.951339764201503,0.951339764201503,1.0,0.951339764201503
378,0.8814576634512338,-0.0,0.0,0.8814576634512338,0.8814576634512338,1.0,0.8814576634512338
379,0.862379421221866,-0.0,0.0,0.862379421221866,0.862379421221866,1.0,0.862379421221866
380,0.8270096463022523,-0.0,0.0,0.8270096463022523,0.8270096463022523,1.0,0.8270096463022523
381,0.7612004287245457,-0.0,0.0,0.7612004287245457,0.7612004287245457,1.0,0.7612004287245457
382,0.6418006430868178,-0.0,0.0,0.6418006430868178,0.6418006430868178,1.0,0.6418006430868178
383,0.5155412647374076,-0.0,0.0,0.5155412647374076,0.5155412647374076,1.0,0.5155412647374076
384,0.41736334405144776,-0.0,0.0,0.41736334405144776,0.41736334405144776,1.0,0.41736334405144776
385,0.35155412647374124,-0.0,0.0,0.35155412647374124,0.35155412647374124,1.0,0.35155412647374124
386,0.3001071811361206,-0.0,0.0,0.3001071811361206,0.3001071811361206,1.0,0.3001071811361206
387,0.26280814576634537,-0.0,0.0,0.26280814576634537,0.26280814576634537,1.0,0.26280814576634537
388,0.2510182207931408,-0.0,0.0,0.2510182207931408,0.2510182207931408,1.0,0.2510182207931408
389,0.2737406216505898,-0.0,0.0,0.2737406216505898,0.2737406216505898,1.0,0.2737406216505898
390,0.3356913183279747,-0.0,0.0,0.3356913183279747,0.3356913183279747,1.0,0.3356913183279747
391,0.39421221864951833,-0.0,0.0,0.39421221864951833,0.39421221864951833,1.0,0.39421221864951833
392,0.49324758842443844,-0.0,0.0,0.49324758842443844,0.49324758842443844,1.0,0.49324758842443844
393,0.6117899249732061,-0.0,0.0,0.6117899249732061,0.6117899249732061,1.0,0.6117899249732061
394,0.7163987138263688,-0.0,0.0,0.7163987138263688,0.7163987138263688,1.0,0.7163987138263688
395,0.8021436227224027,-0.0,0.0,0.8021436227224027,0.8021436227224027,1.0,0.8021436227224027
396,0.8675241157556275,-0.0,0.0,0.8675241157556275,0.8675241157556275,1.0,0.8675241157556275
397,0.9209003215434086,-0.0,0.0,0.9209003215434086,0.9209003215434086,1.0,0.9209003215434086
398,0.9704180064308701,-0.0,0.0,0.9704180064308701,0.9704180064308701,1.0,0.9704180064308701
399,0.9927116827438385,-0.0,0.0,0.9927116827438385,0.9927116827438385,1.0,0.9927116827438385
400,0.959699892818864,-0.0,0.0,0.959699892818864,0.959699892818864,1.0,0.959699892818864
401,0.9168274383708497,-0.0,0.0,0.9168274383708497,0.9168274383708497,1.0,0.9168274383708497
402,0.8418006430868181,-0.0,0.0,0.8418006430868181,0.8418006430868181,1.0,0.8418006430868181
403,0.8083601286173633,-0.0,0.0,0.8083601286173633,0.8083601286173633,1.0,0.8083601286173633
404,0.7676312968917478,-0.0,0.0,0.7676312968917478,0.7676312968917478,1.0,0.7676312968917478
405,0.6947481243301186,-0.0,0.0,0.6947481243301186,0.6947481243301186,1.0,0.6947481243301186
406,0.5976420150053612,-0.0,0.0,0.5976420150053612,0.5976420150053612,1.0,0.5976420150053612
407,0.5106109324758847,-0.0,0.0,0.5106109324758847,0.5106109324758847,1.0,0.5106109324758847
408,0.43386923901393437,-0.0,0.0,0.43386923901393437,0.43386923901393437,1.0,0.43386923901393437
409,0.3706323687031088,-0.0,0.0,0.3706323687031088,0.3706323687031088,1.0,0.3706323687031088
410,0.3136120042872459,-0.0,0.0,0.3136120042872459,0.3136120042872459,1.0,0.3136120042872459
411,0.27116827438370894,-0.0,0.0,0.27116827438370894,0.27116827438370894,1.0,0.27116827438370894
412,0.24844587352625966,-0.0,0.0,0.24844587352625966,0.24844587352625966,1.0,0.24844587352625966
413,0.23901393354769568,-0.0,0.0,0.23901393354769568,0.23901393354769568,1.0,0.23901393354769568
414,0.2516613076098611,-0.0,0.0,0.2516613076098611,0.2516613076098611,1.0,0.2516613076098611
415,0.280814576634513,-0.0,0.0,0.280814576634513,0.280814576634513,1.0,0.280814576634513
416,0.36848874598070835,-0.0,0.0,0.36848874598070835,0.36848874598070835,1.0,0.36848874598070835
417,0.47395498392283,-0.0,0.0,0.47395498392283,0.47395498392283,1.0,0.47395498392283
418,0.5667738478027878,-0.0,0.0,0.5667738478027878,0.5667738478027878,1.0,0.5667738478027878
419,0.6435155412647383,-0.0,0.0,0.6435155412647383,0.6435155412647383,1.0,0.6435155412647383
420,0.7196141479099688,-0.0,0.0,0.7196141479099688,0.7196141479099688,1.0,0.7196141479099688
421,0.7684887459807086,-0.0,0.0,0.7684887459807086,0.7684887459807086,1.0,0.7684887459807086
422,0.7959271168274397,-0.0,0.0,0.7959271168274397,0.7959271168274397,1.0,0.7959271168274397
423,0.7972132904608802,-0.0,0.0,0.7972132904608802,0.7972132904608802,1.0,0.7972132904608802
424,0.7989281886388013,-0.0,0.0,0.7989281886388013,0.7989281886388013,1.0,0.7989281886388013
425,0.7787781350482329,-0.0,0.0,0.7787781350482329,0.7787781350482329,1.0,0.7787781350482329
426,0.7449088960342997,-0.0,0.0,0.7449088960342997,0.7449088960342997,1.0,0.7449088960342997
427,0.7151125401929268,-0.0,0.0,0.7151125401929268,0.7151125401929268,1.0,0.7151125401929268
428,0.6827438370846747,-0.0,0.0,0.6827438370846747,0.6827438370846747,1.0,0.6827438370846747
429,0.6257234726688105,-0.0,0.0,0.6257234726688105,0.6257234726688105,1.0,0.6257234726688105
430,0.551339764201501,-0.0,0.0,0.551339764201501,0.551339764201501,1.0,0.551339764201501
431,0.4896034297963569,-0.0,0.0,0.4896034297963569,0.4896034297963569,1.0,0.4896034297963569
432,0.4199356913183279,-0.0,0.0,0.4199356913183279,0.4199356913183279,1.0,0.4199356913183279
433,0.36806002143622807,-0.0,0.0,0.36806002143622807,0.36806002143622807,1.0,0.36806002143622807
434,0.32197213290460946,-0.0,0.0,0.32197213290460946,0.32197213290460946,1.0,0.32197213290460946
435,0.28274383708467354,-0.0,0.0,0.28274383708467354,0.28274383708467354,1.0,0.28274383708467354
436,0.26066452304394505,-0.0,0.0,0.26066452304394505,0.26066452304394505,1.0,0.26066452304394505
437,0.25316184351554216,-0.0,0.0,0.25316184351554216,0.25316184351554216,1.0,0.25316184351554216
438,0.244372990353698,-0.0,0.0,0.244372990353698,0.244372990353698,1.0,0.244372990353698
439,0.25766345123258333,-0.0,0.0,0.25766345123258333,0.25766345123258333,1.0,0.25766345123258333
440,0.325830653804931,-0.0,0.0,0.325830653804931,0.325830653804931,1.0,0.325830653804931
441,0.4433011789924981,-0.0,0.0,0.4433011789924981,0.4433011789924981,1.0,0.4433011789924981
442,0.549196141479101,-0.0,0.0,0.549196141479101,0.549196141479101,1.0,0.549196141479101
443,0.6278670953912122,-0.0,0.0,0.6278670953912122,0.6278670953912122,1.0,0.6278670953912122
444,0.6705251875669899,-0.0,0.0,0.6705251875669899,0.6705251875669899,1.0,0.6705251875669899
445,0.6799571275455532,-0.0,0.0,0.6799571275455532,0.6799571275455532,1.0,0.6799571275455532
446,0.689603429796357,-0.0,0.0,0.689603429796357,0.689603429796357,1.0,0.689603429796357
447,0.689603429796357,-0.0,0.0,0.689603429796357,0.689603429796357,1.0,0.689603429796357
448,0.6572347266881048,-0.0,0.0,0.6572347266881048,0.6572347266881048,1.0,0.6572347266881048
449,0.606430868167204,-0.0,0.0,0.606430868167204,0.606430868167204,1.0,0.606430868167204
450,0.5509110396570213,-0.0,0.0,0.5509110396570213,0.5509110396570213,1.0,0.5509110396570213
451,0.5155412647374076,-0.0,0.0,0.5155412647374076,0.5155412647374076,1.0,0.5155412647374076
452,0.4898177920685969,-0.0,0.0,0.4898177920685969,0.4898177920685969,1.0,0.4898177920685969
453,0.4548767416934624,-0.0,0.0,0.4548767416934624,0.4548767416934624,1.0,0.4548767416934624
454,0.40514469453376295,-0.0,0.0,0.40514469453376295,0.40514469453376295,1.0,0.40514469453376295
455,0.34598070739549885,-0.0,0.0,0.34598070739549885,0.34598070739549885,1.0,0.34598070739549885
456,0.2778135048231524,-0.0,0.0,0.2778135048231524,0.2778135048231524,1.0,0.2778135048231524
457,0.23258306538049353,-0.0,0.0,0.23258306538049353,0.23258306538049353,1.0,0.23258306538049353
458,0.19957127545552028,-0.0,0.0,0.19957127545552028,0.19957127545552028,1.0,0.19957127545552028
459,0.17320471596998935,-0.0,0.0,0.17320471596998935,0.17320471596998935,1.0,0.17320471596998935
460,0.1629153269024653,-0.0,0.0,0.1629153269024653,0.1629153269024653,1.0,0.1629153269024653
461,0.16763129689174744,-0.0,0.0,0.16763129689174744,0.16763129689174744,1.0,0.16763129689174744
462,0.17942122186495182,-0.0,0.0,0.17942122186495182,0.17942122186495182,1.0,0.17942122186495182
463,0.18713826366559522,-0.0,0.0,0.18713826366559522,0.18713826366559522,1.0,0.18713826366559522
464,0.22743837084673174,-0.0,0.0,0.22743837084673174,0.22743837084673174,1.0,0.22743837084673174
465,0.2868167202572349,-0.0,0.0,0.2868167202572349,0.2868167202572349,1.0,0.2868167202572349
466,0.3536977491961423,-0.0,0.0,0.3536977491961423,0.3536977491961423,1.0,0.3536977491961423
467,0.42036441586280904,-0.0,0.0,0.42036441586280904,0.42036441586280904,1.0,0.42036441586280904
468,0.46173633440514633,-0.0,0.0,0.46173633440514633,0.46173633440514633,1.0,0.46173633440514633
469,0.48274383708467394,-0.0,0.0,0.48274383708467394,0.48274383708467394,1.0,0.48274383708467394
470,0.48810289389067524,-0.0,0.0,0.48810289389067524,0.48810289389067524,1.0,0.48810289389067524
471,0.4816720257234734,-0.0,0.0,0.4816720257234734,0.4816720257234734,1.0,0.4816720257234734
472,0.47566988210075045,-0.0,0.0,0.47566988210075045,0.47566988210075045,1.0,0.47566988210075045
473,0.46816720257234784,-0.0,0.0,0.46816720257234784,0.46816720257234784,1.0,0.46816720257234784
474,0.4409431939978573,-0.0,0.0,0.4409431939978573,0.4409431939978573,1.0,0.4409431939978573
475,0.4289389067524119,-0.0,0.0,0.4289389067524119,0.4289389067524119,1.0,0.4289389067524119
476,0.4177920685959279,-0.0,0.0,0.4177920685959279,0.4177920685959279,1.0,0.4177920685959279
477,0.3727759914255098,-0.0,0.0,0.3727759914255098,0.3727759914255098,1.0,0.3727759914255098
478,0.3110396570203647,-0.0,0.0,0.3110396570203647,0.3110396570203647,1.0,0.3110396570203647
479,0.2366559485530552,-0.0,0.0,0.2366559485530552,0.2366559485530552,1.0,0.2366559485530552
480,0.17363344051447013,-0.0,0.0,0.17363344051447013,0.17363344051447013,1.0,0.17363344051447013
481,0.12647374062165095,-0.0,0.0,0.12647374062165095,0.12647374062165095,1.0,0.12647374062165095
482,0.10075026795284052,-0.0,0.0,0.10075026795284052,0.10075026795284052,1.0,0.10075026795284052
483,0.08938906752411586,-0.0,0.0,0.08938906752411586,0.08938906752411586,1.0,0.08938906752411586
484,0.09646302250803879,-0.0,0.0,0.09646302250803879,0.09646302250803879,1.0,0.09646302250803879
485,0.12883172561629183,-0.0,0.0,0.12883172561629183,0.12883172561629183,1.0,0.12883172561629183
486,0.20150053590568093,-0.0,0.0,0.20150053590568093,0.20150053590568093,1.0,0.20150053590568093
487,0.24737406216505956,-0.0,0.0,0.24737406216505956,0.24737406216505956,1.0,0.24737406216505956
488,0.315755627009647,-0.0,0.0,0.315755627009647,0.315755627009647,1.0,0.315755627009647
489,0.3744908896034305,-0.0,0.0,0.3744908896034305,0.3744908896034305,1.0,0.3744908896034305
490,0.4353697749196153,-0.0,0.0,0.4353697749196153,0.4353697749196153,1.0,0.4353697749196153
491,0.48681672025723566,-0.0,0.0,0.48681672025723566,0.48681672025723566,1.0,0.48681672025723566
492,0.5348338692390145,-0.0,0.0,0.5348338692390145,0.5348338692390145,1.0,0.5348338692390145
493,0.5839228295819945,-0.0,0.0,0.5839228295819945,0.5839228295819945,1.0,0.5839228295819945
494,0.6392282958199363,-0.0,0.0,0.6392282958199363,0.6392282958199363,1.0,0.6392282958199363
495,0.6737406216505907,-0.0,0.0,0.6737406216505907,0.6737406216505907,1.0,0.6737406216505907
496,0.6870310825294755,-0.0,0.0,0.6870310825294755,0.6870310825294755,1.0,0.6870310825294755
497,0.6752411575562709,-0.0,0.0,0.6752411575562709,0.6752411575562709,1.0,0.6752411575562709
498,0.6032154340836015,-0.0,0.0,0.6032154340836015,0.6032154340836015,1.0,0.6032154340836015
499,0.5612004287245456,-0.0,0.0,0.5612004287245456,0.5612004287245456,1.0,0.5612004287245456
500,0.5294748124330136,-0.0,0.0,0.5294748124330136,0.5294748124330136,1.0,0.5294748124330136
501,0.458306538049304,-0.0,0.0,0.458306538049304,0.458306538049304,1.0,0.458306538049304
502,0.370846730975349,-0.0,0.0,0.370846730975349,0.370846730975349,1.0,0.370846730975349
503,0.2801714898177926,-0.0,0.0,0.2801714898177926,0.2801714898177926,1.0,0.2801714898177926
504,0.20471596998928196,-0.0,0.0,0.20471596998928196,0.20471596998928196,1.0,0.20471596998928196
505,0.15391211146838182,-0.0,0.0,0.15391211146838182,0.15391211146838182,1.0,0.15391211146838182
506,0.11618435155412672,-0.0,0.0,0.11618435155412672,0.11618435155412672,1.0,0.11618435155412672
507,0.09603429796355857,-0.0,0.0,0.09603429796355857,0.09603429796355857,1.0,0.09603429796355857
508,0.09667738478027857,-0.0,0.0,0.09667738478027857,0.09667738478027857,1.0,0.09667738478027857
509,0.13033226152197228,-0.0,0.0,0.13033226152197228,0.13033226152197228,1.0,0.13033226152197228
510,0.18649517684887484,-0.0,0.0,0.18649517684887484,0.18649517684887484,1.0,0.18649517684887484
511,0.23172561629153307,-0.0,0.0,0.23172561629153307,0.23172561629153307,1.0,0.23172561629153307
512,0.2915326902465169,-0.0,0.0,0.2915326902465169,0.2915326902465169,1.0,0.2915326902465169
513,0.35476956055734227,-0.0,0.0,0.35476956055734227,0.35476956055734227,1.0,0.35476956055734227
514,0.42036441586280904,-0.0,0.0,0.42036441586280904,0.42036441586280904,1.0,0.42036441586280904
515,0.4842443729903541,-0.0,0.0,0.4842443729903541,0.4842443729903541,1.0,0.4842443729903541
516,0.5361200428724552,-0.0,0.0,0.5361200428724552,0.5361200428724552,1.0,0.5361200428724552
517,0.5807073954983933,-0.0,0.0,0.5807073954983933,0.5807073954983933,1.0,0.5807073954983933
518,0.6145766345123258,-0.0,0.0,0.6145766345123258,0.6145766345123258,1.0,0.6145766345123258
519,0.6398713826366574,-0.0,0.0,0.6398713826366574,0.6398713826366574,1.0,0.6398713826366574
520,0.6458735262593783,-0.0,0.0,0.6458735262593783,0.6458735262593783,1.0,0.6458735262593783
521,0.6117899249732061,-0.0,0.0,0.6117899249732061,0.6117899249732061,1.0,0.6117899249732061
522,0.5434083601286188,-0.0,0.0,0.5434083601286188,0.5434083601286188,1.0,0.5434083601286188
523,0.5031082529474815,-0.0,0.0,0.5031082529474815,0.5031082529474815,1.0,0.5031082529474815
524,0.4790996784565924,-0.0,0.0,0.4790996784565924,0.4790996784565924,1.0,0.4790996784565924
525,0.41543408360128675,-0.0,0.0,0.41543408360128675,0.41543408360128675,1.0,0.41543408360128675
526,0.3206859592711694,-0.0,0.0,0.3206859592711694,0.3206859592711694,1.0,0.3206859592711694
527,0.23472668810289357,-0.0,0.0,0.23472668810289357,0.23472668810289357,1.0,0.23472668810289357
528,0.1779206859592712,-0.0,0.0,0.1779206859592712,0.1779206859592712,1.0,0.1779206859592712
529,0.13204715969989297,-0.0,0.0,0.13204715969989297,0.13204715969989297,1.0,0.13204715969989297
530,0.09903536977491992,-0.0,0.0,0.09903536977491992,0.09903536977491992,1.0,0.09903536977491992
531,0.07352625937834972,-0.0,0.0,0.07352625937834972,0.07352625937834972,1.0,0.07352625937834972
532,0.0681672025723474,-0.0,0.0,0.0681672025723474,0.0681672025723474,1.0,0.0681672025723474
533,0.09732047159699904,-0.0,0.0,0.09732047159699904,0.09732047159699904,1.0,0.09732047159699904
534,0.15434083601286194,-0.0,0.0,0.15434083601286194,0.15434083601286194,1.0,0.15434083601286194
535,0.19314040728831744,-0.0,0.0,0.19314040728831744,0.19314040728831744,1.0,0.19314040728831744
536,0.24608788853161878,-0.0,0.0,0.24608788853161878,0.24608788853161878,1.0,0.24608788853161878
537,0.30610932475884267,-0.0,0.0,0.30610932475884267,0.30610932475884267,1.0,0.30610932475884267
538,0.36162915326902545,-0.0,0.0,0.36162915326902545,0.36162915326902545,1.0,0.36162915326902545
539,0.41693461950696725,-0.0,0.0,0.41693461950696725,0.41693461950696725,1.0,0.41693461950696725
540,0.4711682743837093,-0.0,0.0,0.4711682743837093,0.4711682743837093,1.0,0.4711682743837093
541,0.5299035369774922,-0.0,0.0,0.5299035369774922,0.5299035369774922,1.0,0.5299035369774922
542,0.5762057877813513,-0.0,0.0,0.5762057877813513,0.5762057877813513,1.0,0.5762057877813513
543,0.6145766345123258,-0.0,0.0,0.6145766345123258,0.6145766345123258,1.0,0.6145766345123258
544,0.6334405144694544,-0.0,0.0,0.6334405144694544,0.6334405144694544,1.0,0.6334405144694544
545,0.6030010718113621,-0.0,0.0,0.6030010718113621,0.6030010718113621,1.0,0.6030010718113621
546,0.5341907824222947,-0.0,0.0,0.5341907824222947,0.5341907824222947,1.0,0.5341907824222947
547,0.4923901393354778,-0.0,0.0,0.4923901393354778,0.4923901393354778,1.0,0.4923901393354778
548,0.4685959271168281,-0.0,0.0,0.4685959271168281,0.4685959271168281,1.0,0.4685959271168281
549,0.40514469453376295,-0.0,0.0,0.40514469453376295,0.40514469453376295,1.0,0.40514469453376295
550,0.32368703108253005,-0.0,0.0,0.32368703108253005,0.32368703108253005,1.0,0.32368703108253005
551,0.2415862808145769,-0.0,0.0,0.2415862808145769,0.2415862808145769,1.0,0.2415862808145769
552,0.16763129689174744,-0.0,0.0,0.16763129689174744,0.16763129689174744,1.0,0.16763129689174744
553,0.12218649517684914,-0.0,0.0,0.12218649517684914,0.12218649517684914,1.0,0.12218649517684914
554,0.0891747052518758,-0.0,0.0,0.0891747052518758,0.0891747052518758,1.0,0.0891747052518758
555,0.06988210075026799,-0.0,0.0,0.06988210075026799,0.06988210075026799,1.0,0.06988210075026799
556,0.06409431939978555,-0.0,0.0,0.06409431939978555,0.06409431939978555,1.0,0.06409431939978555
557,0.09560557341907834,-0.0,0.0,0.09560557341907834,0.09560557341907834,1.0,0.09560557341907834
558,0.15069667738478051,-0.0,0.0,0.15069667738478051,0.15069667738478051,1.0,0.15069667738478051
559,0.18992497320471605,-0.0,0.0,0.18992497320471605,0.18992497320471605,1.0,0.18992497320471605
560,0.24201500535905732,-0.0,0.0,0.24201500535905732,0.24201500535905732,1.0,0.24201500535905732
561,0.2930332261521975,-0.0,0.0,0.2930332261521975,0.2930332261521975,1.0,0.2930332261521975
562,0.34255091103965746,-0.0,0.0,0.34255091103965746,0.34255091103965746,1.0,0.34255091103965746
563,0.3909967845659169,-0.0,0.0,0.3909967845659169,0.3909967845659169,1.0,0.3909967845659169
564,0.4375133976420155,-0.0,0.0,0.4375133976420155,0.4375133976420155,1.0,0.4375133976420155
565,0.48081457663451294,-0.0,0.0,0.48081457663451294,0.48081457663451294,1.0,0.48081457663451294
566,0.5198285101822085,-0.0,0.0,0.5198285101822085,0.5198285101822085,1.0,0.5198285101822085
567,0.5406216505894972,-0.0,0.0,0.5406216505894972,0.5406216505894972,1.0,0.5406216505894972
568,0.5414790996784575,-0.0,0.0,0.5414790996784575,0.5414790996784575,1.0,0.5414790996784575
569,0.5170418006430878,-0.0,0.0,0.5170418006430878,0.5170418006430878,1.0,0.5170418006430878
570,0.4516613076098618,-0.0,0.0,0.4516613076098618,0.4516613076098618,1.0,0.4516613076098618
571,0.4210075026795289,-0.0,0.0,0.4210075026795289,0.4210075026795289,1.0,0.4210075026795289
572,0.3948553054662388,-0.0,0.0,0.3948553054662388,0.3948553054662388,1.0,0.3948553054662388
573,0.3269024651661312,-0.0,0.0,0.3269024651661312,0.3269024651661312,1.0,0.3269024651661312
574,0.2559485530546627,-0.0,0.0,0.2559485530546627,0.2559485530546627,1.0,0.2559485530546627
575,0.19571275455519888,-0.0,0.0,0.19571275455519888,0.19571275455519888,1.0,0.19571275455519888
576,0.13933547695605586,-0.0,0.0,0.13933547695605586,0.13933547695605586,1.0,0.13933547695605586
577,0.1013933547695608,-0.0,0.0,0.1013933547695608,0.1013933547695608,1.0,0.1013933547695608
578,0.07545551982851029,-0.0,0.0,0.07545551982851029,0.07545551982851029,1.0,0.07545551982851029
579,0.05702036441586291,-0.0,0.0,0.05702036441586291,0.05702036441586291,1.0,0.05702036441586291
580,0.05144694533762071,-0.0,0.0,0.05144694533762071,0.05144694533762071,1.0,0.05144694533762071
581,0.059807073954983914,-0.0,0.0,0.059807073954983914,0.059807073954983914,1.0,0.059807073954983914
582,0.08338692390139354,-0.0,0.0,0.08338692390139354,0.08338692390139354,1.0,0.08338692390139354
583,0.09131832797427643,-0.0,0.0,0.09131832797427643,0.09131832797427643,1.0,0.09131832797427643
584,0.12668810289389085,-0.0,0.0,0.12668810289389085,0.12668810289389085,1.0,0.12668810289389085
585,0.16956055734190792,-0.0,0.0,0.16956055734190792,0.16956055734190792,1.0,0.16956055734190792
586,0.22100750267952918,-0.0,0.0,0.22100750267952918,0.22100750267952918,1.0,0.22100750267952918
587,0.2636655948553057,-0.0,0.0,0.2636655948553057,0.2636655948553057,1.0,0.2636655948553057
588,0.3020364415862818,-0.0,0.0,0.3020364415862818,0.3020364415862818,1.0,0.3020364415862818
589,0.33440514469453414,-0.0,0.0,0.33440514469453414,0.33440514469453414,1.0,0.33440514469453414
590,0.3695605573419088,-0.0,0.0,0.3695605573419088,0.3695605573419088,1.0,0.3695605573419088
591,0.4060021436227238,-0.0,0.0,0.4060021436227238,0.4060021436227238,1.0,0.4060021436227238
592,0.4265809217577713,-0.0,0.0,0.4265809217577713,0.4265809217577713,1.0,0.4265809217577713
593,0.43001071811361286,-0.0,0.0,0.43001071811361286,0.43001071811361286,1.0,0.43001071811361286
594,0.40042872454448103,-0.0,0.0,0.40042872454448103,0.40042872454448103,1.0,0.40042872454448103
595,0.3830653804930334,-0.0,0.0,0.3830653804930334,0.3830653804930334,1.0,0.3830653804930334
596,0.3586280814576638,-0.0,0.0,0.3586280814576638,0.3586280814576638,1.0,0.3586280814576638
597,0.30610932475884267,-0.0,0.0,0.30610932475884267,0.30610932475884267,1.0,0.30610932475884267
598,0.2454448017148988,-0.0,0.0,0.2454448017148988,0.2454448017148988,1.0,0.2454448017148988
599,0.18199356913183307,-0.0,0.0,0.18199356913183307,0.18199356913183307,1.0,0.18199356913183307
600,0.13311897106109347,-0.0,0.0,0.13311897106109347,0.13311897106109347,1.0,0.13311897106109347
601,0.09046087888531647,-0.0,0.0,0.09046087888531647,0.09046087888531647,1.0,0.09046087888531647
602,0.055734190782422345,-0.0,0.0,0.055734190782422345,0.055734190782422345,1.0,0.055734190782422345
603,0.03451232583065406,-0.0,0.0,0.03451232583065406,0.03451232583065406,1.0,0.03451232583065406
604,0.027867095391211266,-0.0,0.0,0.027867095391211266,0.027867095391211266,1.0,0.027867095391211266
605,0.030653804930332176,-0.0,0.0,0.030653804930332176,0.030653804930332176,1.0,0.030653804930332176
606,0.031082529474812777,-0.0,0.0,0.031082529474812777,0.031082529474812777,1.0,0.031082529474812777
607,0.03794212218649535,-0.0,0.0,0.03794212218649535,0.03794212218649535,1.0,0.03794212218649535
608,0.07545551982851029,-0.0,0.0,0.07545551982851029,0.07545551982851029,1.0,0.07545551982851029
609,0.13161843515541286,-0.0,0.0,0.13161843515541286,0.13161843515541286,1.0,0.13161843515541286
610,0.20364415862808155,-0.0,0.0,0.20364415862808155,0.20364415862808155,1.0,0.20364415862808155
611,0.2810289389067529,-0.0,0.0,0.2810289389067529,0.2810289389067529,1.0,0.2810289389067529
612,0.37320471596998994,-0.0,0.0,0.37320471596998994,0.37320471596998994,1.0,0.37320471596998994
613,0.458306538049304,-0.0,0.0,0.458306538049304,0.458306538049304,1.0,0.458306538049304
614,0.52282958199357,-0.0,0.0,0.52282958199357,0.52282958199357,1.0,0.52282958199357
615,0.5618435155412661,-0.0,0.0,0.5618435155412661,0.5618435155412661,1.0,0.5618435155412661
616,0.568060021436228,-0.0,0.0,0.568060021436228,0.568060021436228,1.0,0.568060021436228
617,0.5354769560557346,-0.0,0.0,0.5354769560557346,0.5354769560557346,1.0,0.5354769560557346
618,0.5016077170418012,-0.0,0.0,0.5016077170418012,0.5016077170418012,1.0,0.5016077170418012
619,0.5065380493033231,-0.0,0.0,0.5065380493033231,0.5065380493033231,1.0,0.5065380493033231
620,0.4878885316184362,-0.0,0.0,0.4878885316184362,0.4878885316184362,1.0,0.4878885316184362
621,0.4244372990353715,-0.0,0.0,0.4244372990353715,0.4244372990353715,1.0,0.4244372990353715
622,0.34105037513397696,-0.0,0.0,0.34105037513397696,0.34105037513397696,1.0,0.34105037513397696
623,0.25787781350482325,-0.0,0.0,0.25787781350482325,0.25787781350482325,1.0,0.25787781350482325
624,0.18156484458735284,-0.0,0.0,0.18156484458735284,0.18156484458735284,1.0,0.18156484458735284
625,0.13933547695605586,-0.0,0.0,0.13933547695605586,0.13933547695605586,1.0,0.13933547695605586
626,0.10332261521972136,-0.0,0.0,0.10332261521972136,0.10332261521972136,1.0,0.10332261521972136
627,0.09046087888531647,-0.0,0.0,0.09046087888531647,0.09046087888531647,1.0,0.09046087888531647
628,0.09882100750267939,-0.0,0.0,0.09882100750267939,0.09882100750267939,1.0,0.09882100750267939
629,0.1401929260450164,-0.0,0.0,0.1401929260450164,0.1401929260450164,1.0,0.1401929260450164
630,0.20621650589496268,-0.0,0.0,0.20621650589496268,0.20621650589496268,1.0,0.20621650589496268
631,0.2546623794212222,-0.0,0.0,0.2546623794212222,0.2546623794212222,1.0,0.2546623794212222
632,0.3174705251875674,-0.0,0.0,0.3174705251875674,0.3174705251875674,1.0,0.3174705251875674
633,0.380707395498393,-0.0,0.0,0.380707395498393,0.380707395498393,1.0,0.380707395498393
634,0.4360128617363356,-0.0,0.0,0.4360128617363356,0.4360128617363356,1.0,0.4360128617363356
635,0.48896034297963586,-0.0,0.0,0.48896034297963586,0.48896034297963586,1.0,0.48896034297963586
636,0.554983922829583,-0.0,0.0,0.554983922829583,0.554983922829583,1.0,0.554983922829583
637,0.6304394426580935,-0.0,0.0,0.6304394426580935,0.6304394426580935,1.0,0.6304394426580935
638,0.6799571275455532,-0.0,0.0,0.6799571275455532,0.6799571275455532,1.0,0.6799571275455532
639,0.7153269024651671,-0.0,0.0,0.7153269024651671,0.7153269024651671,1.0,0.7153269024651671
640,0.7286173633440526,-0.0,0.0,0.7286173633440526,0.7286173633440526,1.0,0.7286173633440526
641,0.6878885316184365,-0.0,0.0,0.6878885316184365,0.6878885316184365,1.0,0.6878885316184365
642,0.6107181136120055,-0.0,0.0,0.6107181136120055,0.6107181136120055,1.0,0.6107181136120055
643,0.5809217577706335,-0.0,0.0,0.5809217577706335,0.5809217577706335,1.0,0.5809217577706335
644,0.5395498392282966,-0.0,0.0,0.5395498392282966,0.5395498392282966,1.0,0.5395498392282966
645,0.47566988210075045,-0.0,0.0,0.47566988210075045,0.47566988210075045,1.0,0.47566988210075045
646,0.38370846730975366,-0.0,0.0,0.38370846730975366,0.38370846730975366,1.0,0.38370846730975366
647,0.29046087888531685,-0.0,0.0,0.29046087888531685,0.29046087888531685,1.0,0.29046087888531685
648,0.21371918542336601,-0.0,0.0,0.21371918542336601,0.21371918542336601,1.0,0.21371918542336601
649,0.1657020364415864,-0.0,0.0,0.1657020364415864,0.1657020364415864,1.0,0.1657020364415864
650,0.13226152197213312,-0.0,0.0,0.13226152197213312,0.13226152197213312,1.0,0.13226152197213312
651,0.11296891747052512,-0.0,0.0,0.11296891747052512,0.11296891747052512,1.0,0.11296891747052512
652,0.11382636655948547,-0.0,0.0,0.11382636655948547,0.11382636655948547,1.0,0.11382636655948547
653,0.14533762057877847,-0.0,0.0,0.14533762057877847,0.14533762057877847,1.0,0.14533762057877847
654,0.20878885316184373,-0.0,0.0,0.20878885316184373,0.20878885316184373,1.0,0.20878885316184373
655,0.24608788853161878,-0.0,0.0,0.24608788853161878,0.24608788853161878,1.0,0.24608788853161878
656,0.29774919614147977,-0.0,0.0,0.29774919614147977,0.29774919614147977,1.0,0.29774919614147977
657,0.35069667738478083,-0.0,0.0,0.35069667738478083,0.35069667738478083,1.0,0.35069667738478083
658,0.41028938906752505,-0.0,0.0,0.41028938906752505,0.41028938906752505,1.0,0.41028938906752505
659,0.4623794212218658,-0.0,0.0,0.4623794212218658,0.4623794212218658,1.0,0.4623794212218658
660,0.5009646302250811,-0.0,0.0,0.5009646302250811,0.5009646302250811,1.0,0.5009646302250811
661,0.5440514469453389,-0.0,0.0,0.5440514469453389,0.5440514469453389,1.0,0.5440514469453389
662,0.589924973204717,-0.0,0.0,0.589924973204717,0.589924973204717,1.0,0.589924973204717
663,0.6291532690246531,-0.0,0.0,0.6291532690246531,0.6291532690246531,1.0,0.6291532690246531
664,0.6297963558413728,-0.0,0.0,0.6297963558413728,0.6297963558413728,1.0,0.6297963558413728
665,0.6032154340836015,-0.0,0.0,0.6032154340836015,0.6032154340836015,1.0,0.6032154340836015
666,0.5320471596998935,-0.0,0.0,0.5320471596998935,0.5320471596998935,1.0,0.5320471596998935
667,0.5005359056806008,-0.0,0.0,0.5005359056806008,0.5005359056806008,1.0,0.5005359056806008
668,0.4647374062165066,-0.0,0.0,0.4647374062165066,0.4647374062165066,1.0,0.4647374062165066
669,0.4034297963558421,-0.0,0.0,0.4034297963558421,0.4034297963558421,1.0,0.4034297963558421
670,0.31961414790996834,-0.0,0.0,0.31961414790996834,0.31961414790996834,1.0,0.31961414790996834
671,0.2293676312968921,-0.0,0.0,0.2293676312968921,0.2293676312968921,1.0,0.2293676312968921
672,0.16055734190782434,-0.0,0.0,0.16055734190782434,0.16055734190782434,1.0,0.16055734190782434
673,0.11554126473740645,-0.0,0.0,0.11554126473740645,0.11554126473740645,1.0,0.11554126473740645
674,0.08295819935691323,-0.0,0.0,0.08295819935691323,0.08295819935691323,1.0,0.08295819935691323
675,0.06666666666666696,-0.0,0.0,0.06666666666666696,0.06666666666666696,1.0,0.06666666666666696
676,0.06923901393354799,-0.0,0.0,0.06923901393354799,0.06923901393354799,1.0,0.06923901393354799
677,0.10375133976420177,-0.0,0.0,0.10375133976420177,0.10375133976420177,1.0,0.10375133976420177
678,0.16934619506966803,-0.0,0.0,0.16934619506966803,0.16934619506966803,1.0,0.16934619506966803
679,0.2060021436227232,-0.0,0.0,0.2060021436227232,0.2060021436227232,1.0,0.2060021436227232
680,0.24587352625937864,-0.0,0.0,0.24587352625937864,0.24587352625937864,1.0,0.24587352625937864
681,0.2790996784565921,-0.0,0.0,0.2790996784565921,0.2790996784565921,1.0,0.2790996784565921
682,0.3097534833869244,-0.0,0.0,0.3097534833869244,0.3097534833869244,1.0,0.3097534833869244
683,0.33740621650589503,-0.0,0.0,0.33740621650589503,0.33740621650589503,1.0,0.33740621650589503
684,0.3564844587352632,-0.0,0.0,0.3564844587352632,0.3564844587352632,1.0,0.3564844587352632
685,0.3832797427652737,-0.0,0.0,0.3832797427652737,0.3832797427652737,1.0,0.3832797427652737
686,0.4072883172561634,-0.0,0.0,0.4072883172561634,0.4072883172561634,1.0,0.4072883172561634
687,0.4199356913183279,-0.0,0.0,0.4199356913183279,0.4199356913183279,1.0,0.4199356913183279
688,0.42336548767416987,-0.0,0.0,0.42336548767416987,0.42336548767416987,1.0,0.42336548767416987
689,0.41028938906752505,-0.0,0.0,0.41028938906752505,0.41028938906752505,1.0,0.41028938906752505
690,0.3650589496248664,-0.0,0.0,0.3650589496248664,0.3650589496248664,1.0,0.3650589496248664
691,0.3622722400857453,-0.0,0.0,0.3622722400857453,0.3622722400857453,1.0,0.3622722400857453
692,0.34062165058949684,-0.0,0.0,0.34062165058949684,0.34062165058949684,1.0,0.34062165058949684
693,0.2818863879957135,-0.0,0.0,0.2818863879957135,0.2818863879957135,1.0,0.2818863879957135
694,0.20578778135048256,-0.0,0.0,0.20578778135048256,0.20578778135048256,1.0,0.20578778135048256
695,0.1446945337620579,-0.0,0.0,0.1446945337620579,0.1446945337620579,1.0,0.1446945337620579
